"","i","taxaName[i]","mean_abundance","max_abundance","u1","sd1","t1","u2","sd2","t2","u3","sd3","t3","min_gdd","max_gdd","min_alpha","max_alpha","min_Tmin","max_Tmin","nonzero"
"1",1,"Abies",0.0111456239496748,0.718076285,2741.06398617702,1560.66879606448,620.847666609529,0.882728944322125,0.273238511177266,0.11301491606908,-8.39988370766593,8.66241475579254,6.05396677792784,365.8830718,7574.322609,0.09529607,1.229565,-33.43363,12.12135,2410
"2",2,"Acer",0.00132571175518736,0.306766917,3435.16607204456,1560.66879606448,851.638522172739,0.804008443993573,0.273238511177266,0.169480006345033,-0.800658925714051,8.66241475579254,2.95112390315887,365.8830718,6760.988907,0.09529607,1.18783505450776,-22.08831,12.03492118,981
"3",3,"Aconitum",8.19584537008362e-05,0.148717949,2385.28295084583,1560.66879606448,718.383910038744,0.884145493176506,0.273238511177266,0.113134314673478,-14.046284038188,8.66241475579254,7.05992770957174,902.2611,6245.70717,0.415620603666257,1.19040730264038,-27.1144456,8.831739662,110
"4",4,"Adonis",1.41567852276247e-05,0.01495017,4024.04859295844,1560.66879606448,832.961670298122,0.628710412100067,0.273238511177266,0.121397337381799,0.301262985605147,8.66241475579254,4.2172434128005,1773.005735,6268.896249,0.456016644168595,1.0381468582668,-17.61830966,11.71594954,25
"5",5,"Aesculus",8.84088847940539e-05,0.1853539,3621.69657746694,1560.66879606448,428.176653277885,0.757447004539584,0.273238511177266,0.0945765452212662,-2.16964901859633,8.66241475579254,1.41451567615785,788.9852,6168.985649,0.435290570946018,1.165879,-15.48278,10.23286462,70
"6",6,"Alnus",0.0358195512683493,0.950842697,3240.42571117579,1560.66879606448,909.314679598768,0.846603574785843,0.273238511177266,0.153697236939813,-4.11084426857334,8.66241475579254,5.29480726592862,313.3904018,7574.323,0.09529607,1.24723297704425,-42.42932,12.24622,4863
"7",7,"Alnus.alnobetula",0.00350208155357696,0.616570328,1392.45661242521,1560.66879606448,300.717764776543,1.00291893755175,0.273238511177266,0.12533325751923,-15.6517378711494,8.66241475579254,9.42754966504586,365.8830718,4348.087036,0.498958854112363,1.18783505450776,-42.42932,3.030854997,511
"8",8,"Amaranthaceae",0.0287698354948901,0.939182453,4964.20513493868,1560.66879606448,1065.33584282788,0.46826132100227,0.273238511177266,0.177782904746244,2.54052557987661,8.66241475579254,4.80472183783503,313.3904018,8112.428736,0.0370743472873604,1.24130710097497,-41.81139,14.8271168,4612
"9",9,"Amaryllidaceae",3.69090013936203e-05,0.039653036,5064.7690300147,1560.66879606448,552.983502856051,0.468460358159696,0.273238511177266,0.0987572219600472,6.07714620417381,8.66241475579254,1.79787538622112,2831.037869,6908.103537,0.153815927491971,0.826983472757646,-0.885326262,14.09817271,47
"10",10,"Amygdaloideae",2.76376065345308e-05,0.021998167,1714.91227364716,1560.66879606448,267.882117983456,0.711434763332471,0.273238511177266,0.124416095138759,-20.5313254863204,8.66241475579254,1.77511762825635,975.1183752,2482.414627,0.496787426375543,0.998907499986999,-25.45969031,-16.66693293,49
"11",11,"Andromeda",5.86217791886033e-06,0.008319468,1845.15718234942,1560.66879606448,536.337599896491,1.09212545218313,0.273238511177266,0.0684747809454532,-7.13866184803902,8.66241475579254,4.63127628456528,702.0337,3071.598498,0.9417156,1.222552,-16.87685,1.688720933,28
"12",12,"Apiaceae",0.0148966848908331,0.918,3431.84813488456,1560.66879606448,1065.80127975311,0.741324934857361,0.273238511177266,0.168199962550641,-2.14155046802093,8.66241475579254,5.19772751842609,336.4414003,8112.428736,0.0370743472873604,1.24413275948597,-29.50256,14.8271168,3784
"13",13,"Aquilegia",1.08109801796222e-05,0.012084592,4538.80848592851,1560.66879606448,846.334593268441,0.517641535128101,0.273238511177266,0.118747633011556,2.09879513126786,8.66241475579254,3.97655948613243,1290.238486,6590.597922,0.170085276809605,0.829901870992711,-19.27960549,10.85465481,29
"14",14,"Arbutus",0.000455377658717869,0.322222222,4660.3063307361,1560.66879606448,409.26302098173,0.627495182138012,0.273238511177266,0.154223754295826,5.34982175876954,8.66241475579254,1.37068154878312,2165.102274,6746.622975,0.344788825657966,1.13746630119583,-2.363332534,11.91893809,179
"15",15,"Arctostaphylos",6.05275458346237e-05,0.154525386,2717.94876856311,1560.66879606448,953.278648964618,0.907235785744875,0.273238511177266,0.120748754745673,-2.53335169092818,8.66241475579254,4.98532419002025,433.1248,4198.775916,0.498958854112363,1.21322463617768,-20.05788425,3.970804135,78
"16",16,"Argania",0.00136792462589037,0.719512195,6254.368527274,1560.66879606448,341.385813263141,0.218971685828179,0.273238511177266,0.0328113654747176,10.9246940954306,8.66241475579254,1.50740735432756,4041.029769,7085.181518,0.118162673905766,0.613736288690566,1.977307977,14.45623298,82
"17",17,"Artemisia",0.0292682454564881,0.9622642,4413.4225021696,1560.66879606448,1148.3485509093,0.455414910308381,0.273238511177266,0.19498471134248,-1.40549342146387,8.66241475579254,6.81278726409975,313.3904018,8112.428736,0.0370743472873604,1.24272363759252,-42.42932,14.8271168,4522
"18",18,"Asparagaceae",2.10985568287395e-05,0.014492754,3899.42535558705,1560.66879606448,1127.08864488928,0.625519044789903,0.273238511177266,0.192328248912543,-0.0557357289461118,8.66241475579254,6.79082601212853,365.8831,6146.946504,0.328723583315744,1.224279,-24.64877698,10.87423937,42
"19",19,"Asteraceae",0.00353429104924125,0.9470803,3313.31173996736,1560.66879606448,615.202453691415,0.826432989484323,0.273238511177266,0.118989801501395,-4.06464844988471,8.66241475579254,3.47476073388823,547.0182,5756.231,0.1778746,1.2357492157997,-41.81139,7.802466,462
"20",20,"Asteraceae..Liguliflorae.",0.00173371935134717,0.495956873,5394.6061613756,1560.66879606448,825.698056317886,0.513156370265644,0.273238511177266,0.159279699353135,6.31683819361736,8.66241475579254,2.96903692203599,1844.810293,8057.136257,0.04714805,1.224279,-10.05533,14.40617834,432
"21",21,"Asteroideae",0.0125014769098792,0.497709924,4502.27627599934,1560.66879606448,1169.29801084783,0.574449493435237,0.273238511177266,0.208646287092583,2.50077954394522,8.66241475579254,5.0440552845587,343.2032081,8112.428736,0.0370743472873604,1.24322018496742,-41.81139,14.8271168,4149
"22",22,"Astragalus",0.000235653211056054,0.160344828,3160.96542204332,1560.66879606448,1553.31192104221,0.659487692324027,0.273238511177266,0.260147143250579,-3.55265159873466,8.66241475579254,6.57953792102357,365.8830718,7302.056606,0.04714805,1.18783505450776,-25.62122525,9.976864,183
"23",23,"Berberis",3.1327142768659e-05,0.04518758,3791.62817847919,1560.66879606448,532.825911320887,0.57592399754725,0.273238511177266,0.0697471543076921,0.966653568455007,8.66241475579254,1.99215155066871,1257.888882,5306.351,0.1832559,1.06897804542132,-19.65826,5.635945083,26
"24",24,"Betula",0.0822239588894395,0.8803828,2214.29758972215,1560.66879606448,587.209990392333,0.956072431244113,0.273238511177266,0.108398143201186,-9.57182884714319,8.66241475579254,5.28729402352334,313.3904018,7574.322609,0.09529607,1.24723297704425,-42.42932,14.09817271,4309
"25",25,"Betula..Chamaebetula.",0.00582343211210901,0.8571429,1374.66555990151,1560.66879606448,337.29196382299,0.818399914730029,0.273238511177266,0.131711008396933,-26.787267332488,8.66241475579254,7.02777784055226,379.7646,3003.372,0.4141255,1.222552,-42.42932,-1.443442,375
"26",26,"Boraginaceae",0.00131896554289254,0.3302048,4189.19257118152,1560.66879606448,1140.4491020261,0.613175686659302,0.273238511177266,0.195197379919826,1.2626399968588,8.66241475579254,5.00553509599178,365.8831,8057.136257,0.04714805,1.24130710097497,-29.50256,14.40617834,840
"27",27,"Brassicaceae",0.00723156253375658,0.5612009,4266.25026084352,1560.66879606448,1105.39803722888,0.594648921593608,0.273238511177266,0.194872694770585,2.30636753241641,8.66241475579254,4.3822346342198,313.3904018,8057.136257,0.04714805,1.2439879431737,-42.29881,14.8271168,3233
"28",28,"Bruckenthalia",4.1035813100031e-05,0.09001233,2251.6680734774,1560.66879606448,196.489674453866,0.832729333043462,0.273238511177266,0.0160360946015106,-3.22366152979743,8.66241475579254,1.59336563637981,1651.209762,3271.484,0.7901176,0.891687608415658,-6.251163385,-0.177533964,28
"29",29,"Buxus",0.000354569552493032,0.316582915,4367.21301820473,1560.66879606448,751.330105283118,0.624364756641158,0.273238511177266,0.125849357337887,2.582037451191,8.66241475579254,1.93643761324504,365.8831,7122.448654,0.09529607,1.187835,-9.880596,7.713369258,216
"30",30,"Calluna",0.00808879051796222,0.677696078,2752.52292165785,1560.66879606448,585.092920803022,1.05379827939539,0.273238511177266,0.114886564836109,0.373529316622439,8.66241475579254,2.95146811493645,365.8830718,7574.322609,0.147698957994541,1.24723297704425,-17.68305,11.90276693,1293
"31",31,"Campanulaceae",0.000603003492102818,0.1970882,2624.6934884788,1560.66879606448,1105.09235231968,0.900268071250791,0.273238511177266,0.179953961546176,-2.89382350529923,8.66241475579254,4.45634286577102,365.8830718,6912.362386,0.21088965356319,1.23836126654565,-26.13140496,12.58307328,687
"32",32,"Caprifoliaceae",0.00387666381573242,0.87,4306.21760859076,1560.66879606448,669.997499950535,0.587904536825909,0.273238511177266,0.100855704975684,1.67920971161481,8.66241475579254,2.30169798361245,902.2611,8110.034257,0.0583163778906948,1.24723297704425,-36.66841,14.80140685,793
"33",33,"Caragana",7.85561218643543e-05,0.23480663,1895.34402844303,1560.66879606448,140.127865482319,0.778449488942012,0.273238511177266,0.089259329545482,-23.5498323228218,8.66241475579254,1.38942437606553,976.4412927,2343.797219,0.496787426375543,1.00343978985411,-25.17568977,-16.642638,20
"34",34,"Carduoideae",0.00251342165453701,0.5340237,4245.76537111115,1560.66879606448,1020.46605117029,0.588348491948553,0.273238511177266,0.183880886566985,1.71171637484856,8.66241475579254,4.24171734917324,365.8830718,7929.507666,0.05362647,1.23079650370937,-41.41457,14.8271168,1692
"35",35,"Carpinus.betulus",0.00943184544874574,0.645614035,4348.06588432477,1560.66879606448,992.692313319262,0.62614375490987,0.273238511177266,0.202525520864887,0.329900030791419,8.66241475579254,3.04035400908516,365.8830718,7571.89259,0.09529607,1.2168884353675,-42.29881,11.66055866,2210
"36",36,"Carpinus.orientalis.Ostrya",0.00182394637952927,0.481617647,3871.44608163088,1560.66879606448,732.951448705898,0.733114254838441,0.273238511177266,0.103983551305616,0.666733211612111,8.66241475579254,2.63783054126667,365.8830718,7693.740641,0.0370743472873604,1.222586,-13.4810692,11.90182994,604
"37",37,"Caryophyllaceae",0.00554808582177145,0.538043478,3594.48297397104,1560.66879606448,1344.01955787117,0.671904059725556,0.273238511177266,0.221049717874097,-0.884612324398733,8.66241475579254,6.12193414767478,313.3904018,7929.507666,0.047608,1.23959628470132,-42.42932,14.8271168,2998
"38",38,"Cassiope",1.32935433570765e-05,0.04378541,740.993982631501,1560.66879606448,151.99544398477,1.02480467138305,0.273238511177266,0.0649926873878323,-19.6422603106671,8.66241475579254,5.54393007239464,340.7312764,1330.246294,0.8735224,1.18597378931506,-33.43363,-4.978339205,11
"39",39,"Castanea",0.00602313967760917,0.828471412,3817.5006936207,1560.66879606448,724.96294670401,0.780054311363805,0.273238511177266,0.14085798119402,2.08932990271331,8.66241475579254,2.38780187354153,365.8830718,7571.89259,0.1468481,1.18783505450776,-13.49055,12.04562239,1671
"40",40,"Cedrus",0.00541674852709817,0.821428571,4459.11139140422,1560.66879606448,396.220841104678,0.48377078215413,0.273238511177266,0.0485287725652931,3.4546474969181,8.66241475579254,1.51154991333663,365.8831,7708.648,0.05362647,1.187835,-11.81913,14.45623298,457
"41",41,"Celastraceae",0.000122414847321152,0.1279123,3052.32599161413,1560.66879606448,1630.02373856412,0.771262652467114,0.273238511177266,0.288591025657834,-3.38970129738512,8.66241475579254,5.97562235266891,365.8831,6919.614,0.047608,1.220151,-24.97052328,9.976864,114
"42",42,"Celtis",3.25376351811706e-05,0.154929577,4153.49786835975,1560.66879606448,428.929980290788,0.597553922231784,0.273238511177266,0.0779911049251209,3.43582448411315,8.66241475579254,1.3556115563624,1287.038,6679.263,0.2273551,1.144616,-6.750570635,7.832281832,27
"43",43,"Ceratonia",0.000109787744657789,0.358047016,6039.2095572288,1560.66879606448,445.885933768012,0.421290510866628,0.273238511177266,0.0807135680418432,9.12215558977713,8.66241475579254,1.63867129896753,4114.460686,7195.727492,0.118162673905766,0.697444713517082,3.298009329,14.8271168,36
"44",44,"Cichorioideae",0.0137709656153608,0.621323529,4291.61110521815,1560.66879606448,1050.86614406944,0.611818161787508,0.273238511177266,0.193408421187769,2.24768405603919,8.66241475579254,4.51176297049999,365.8830718,8112.428736,0.0370743472873604,1.24413275948597,-42.42932,14.8271168,3160
"45",45,"Cistaceae",0.000263145334314029,0.153310105,5239.18050026766,1560.66879606448,779.730198394578,0.46078035875543,0.273238511177266,0.12785457678707,6.82229024378118,8.66241475579254,2.52178229962502,1843.619,7929.507666,0.0619512242323639,1.043255,-3.217598857,13.88177617,148
"46",46,"Cistus",0.00273225959197894,0.669333333,5070.69066471106,1560.66879606448,532.4741498525,0.517987766762367,0.273238511177266,0.0750832920880869,6.48319202913245,8.66241475579254,1.87340387652452,1077.223,6943.703752,0.153769472056051,1.157377,-7.129476178,14.45623298,687
"47",47,"Clematis",4.11442703623413e-05,0.023564065,4254.27832434849,1560.66879606448,543.234818130845,0.6571321429503,0.273238511177266,0.0855958738917786,1.94873838366352,8.66241475579254,1.78477271612085,2642.914663,6919.118685,0.407613848267451,1.13746630119583,-2.689987499,10.23286462,66
"48",48,"Colchicaceae",4.71389005884175e-06,0.007575758,2885.27163133079,1560.66879606448,1167.67837054415,0.844068729238087,0.273238511177266,0.197681361908523,-2.05947354362029,8.66241475579254,3.46989838264821,365.8831,6641.845186,0.15166148186593,1.187835,-9.880596,7.112434695,13
"49",49,"Convolvulaceae",0.000217294727934345,0.155395683,4875.54860128772,1560.66879606448,868.716984370365,0.537066038843038,0.273238511177266,0.145625827265187,4.34882198034398,8.66241475579254,4.39771053654147,951.1694,7085.181518,0.0542359550907762,1.167659,-17.5878909,14.21072499,290
"50",50,"Cornus",9.26482502322701e-05,0.03286385,2989.47287110616,1560.66879606448,1053.46469741809,0.841817415978392,0.273238511177266,0.153285772592859,-3.29586060986203,8.66241475579254,4.38373940366311,433.1248,6094.690572,0.413685031662389,1.222668,-17.28071,10.57417936,190
"51",51,"Corylus",0.0115466417350573,0.527777778,3210.09702382798,1560.66879606448,763.802197192663,0.889842266227869,0.273238511177266,0.132459193372396,-0.94711361431047,8.66241475579254,3.70491376443275,313.3904018,8057.136257,0.0542359550907762,1.24723297704425,-27.51336,14.40617834,3812
"52",52,"Cotinus",2.0302835397956e-05,0.096177559,4501.14385480326,1560.66879606448,270.519858417713,0.586956590207225,0.273238511177266,0.0463455506403322,2.21970027537799,8.66241475579254,0.983277627911907,1146.845,7195.727492,0.424926047785322,1.153681,-6.028555,10.88808349,17
"53",53,"Crassulaceae",0.000490268407866212,0.2453902,3208.56462045923,1560.66879606448,1288.59322947796,0.76494173437476,0.273238511177266,0.209453092011574,-1.81635000747648,8.66241475579254,5.97172765224194,342.2997154,7283.429764,0.135377040199422,1.23950968952116,-27.1144456,11.90276693,433
"54",54,"Crataegus",0.000268610957881697,0.176348548,4756.34431334099,1560.66879606448,614.484787060317,0.580630829051805,0.273238511177266,0.153550614405578,4.76449955278152,8.66241475579254,1.90557881277141,1669.039573,6919.118685,0.153815927491971,1.229565,-7.129476178,14.09817271,157
"55",55,"Cupressaceae",0.0148799918127903,0.98019802,4027.92889168777,1560.66879606448,1281.27913954149,0.641275779508202,0.273238511177266,0.23434655234863,1.77901875209667,8.66241475579254,5.01049627044791,365.8830718,8112.428736,0.04714805,1.24413275948597,-29.79906,14.80167833,2961
"56",56,"Cyperaceae",0.0271396030829978,0.770481144,2692.59409291637,1560.66879606448,1053.63310934917,0.887110948793908,0.273238511177266,0.17860995380379,-4.00189537832327,8.66241475579254,6.10795454672268,313.3904018,8112.428736,0.0370743472873604,1.24723297704425,-42.42932,14.80167833,4078
"57",57,"Cytinaceae",7.09114741406008e-06,0.013513514,5099.43780935196,1560.66879606448,227.992383480105,0.415758256138131,0.273238511177266,0.0389440193449571,5.842223598307,8.66241475579254,0.633699620753984,4401.992185,5626.344279,0.328723583315744,0.518949238810035,3.868852865,7.474516375,11
"58",58,"Daphne",0.000222483744812635,0.118721461,4581.33253527134,1560.66879606448,618.142861421647,0.564737479290978,0.273238511177266,0.11704099905044,3.90866668346442,8.66241475579254,2.85158959309653,950.1951112,6746.39363,0.295552383686138,1.16770896624356,-13.01191445,11.69947678,151
"59",59,"Delphinium",6.59745013936203e-06,0.008902077,4793.23511192755,1560.66879606448,525.366033284789,0.481184368780198,0.273238511177266,0.0861544455834188,2.7482073975723,8.66241475579254,1.32536596948728,2686.124407,7302.056606,0.159292927397001,0.923980099450729,-5.401130344,7.415545733,18
"60",60,"Dennstaedtiaceae",0.00191374260978631,0.382022472,4036.89365352174,1560.66879606448,861.582235914179,0.718435717207788,0.273238511177266,0.202142716019301,3.04966684556184,8.66241475579254,3.44142924224299,433.1248,6590.597922,0.170085276809605,1.24723297704425,-33.43363,11.69708146,898
"61",61,"Diapensia",3.18777262310313e-05,0.09370009,835.122982782396,1560.66879606448,48.5732367491876,1.08982571770673,0.273238511177266,0.0106942501626664,-14.5958550720472,8.66241475579254,0.853897128823717,702.0337,1254.659,1.030793,1.144721,-16.87685,-10.05419,12
"62",62,"Dryas",4.4922836946423e-05,0.033112583,909.836817159266,1560.66879606448,251.73437289687,0.924368570892119,0.273238511177266,0.178583168155434,-17.1846795548301,8.66241475579254,5.06077560869103,336.4414003,2360.298425,0.496787426375543,1.22025287078306,-37.21972,-3.906196658,65
"63",63,"Empetrum",0.0010107651548467,0.306796117,1306.60883536839,1560.66879606448,341.168073059802,1.08980555369803,0.273238511177266,0.111295860223899,-11.4103740109263,8.66241475579254,6.70857843548383,340.7312764,3274.49283,0.5303682,1.2432012149622,-41.86209,4.358206388,431
"64",64,"Ephedra",0.00141663997847631,0.562666667,5258.63591454807,1560.66879606448,775.016237370358,0.338172594934506,0.273238511177266,0.146780264603719,3.3458013857374,8.66241475579254,4.60311234463265,365.8831,7929.507666,0.04714805,1.187835,-25.17568977,14.45623298,765
"65",65,"Equisetum",0.000963721253019511,0.315789474,2558.71784808622,1560.66879606448,830.315224832321,0.939884736894139,0.273238511177266,0.171793147590065,-5.24731392711123,8.66241475579254,6.17832005095292,569.1376805,6760.988907,0.09529607,1.24718272641248,-42.42932,12.04963189,701
"66",66,"Erica",0.00508282565670486,0.719489982,4190.78872741112,1560.66879606448,788.866418217572,0.734970446727517,0.273238511177266,0.142424302824838,4.45772178895142,8.66241475579254,2.42140376229879,1471.277929,7085.181518,0.1014543,1.23847145844466,-7.129476178,14.09915141,707
"67",67,"Ericaceae",0.00562728751145866,0.720403023,2503.73941444744,1560.66879606448,983.329419041751,0.940122320810633,0.273238511177266,0.143319309682799,-6.69418981217454,8.66241475579254,7.43812594340799,313.3904018,7693.740641,0.0370743472873604,1.24723297704425,-39.97291,11.98968491,1602
"68",68,"Euonymus",2.44291344069371e-06,0.003546099,3674.83115931809,1560.66879606448,538.436693720348,0.760293312596719,0.273238511177266,0.127452947294575,-0.346255011553835,8.66241475579254,1.43446691608238,1146.845,4831.358,0.511122281668533,1.153681,-6.028555,2.804213,12
"69",69,"Euphorbiaceae",0.000447897885877981,0.283783784,4715.69840048145,1560.66879606448,1002.69227258765,0.517195925236574,0.273238511177266,0.194423382822149,4.42652762724314,8.66241475579254,4.13349650978181,365.8830718,7195.727492,0.09529607,1.18783505450776,-24.84249165,14.8271168,393
"70",70,"Fabaceae",0.00354640840786621,0.289719626,4487.85532231318,1560.66879606448,1033.31907971555,0.552776310436304,0.273238511177266,0.188334426965972,3.34808954108974,8.66241475579254,4.21222875058873,365.8831,8057.136257,0.04714805,1.229565,-41.86209,14.8271168,1924
"71",71,"Fabaceae..herbs.",0.00116641614958191,0.2673522,3426.74589338652,1560.66879606448,1136.74114727212,0.75635315967736,0.273238511177266,0.203224531448488,-1.10321904802362,8.66241475579254,5.03227288362823,340.7312764,7297.764205,0.118162673905766,1.24267494769436,-26.87249965,14.09817271,980
"72",72,"Fagus",0.0174126685548157,0.775535939,3109.88670320082,1560.66879606448,591.742030579593,0.873449723890692,0.273238511177266,0.0981967616930145,-0.72876883069175,8.66241475579254,2.18847964362099,365.8830718,7693.740641,0.0370743472873604,1.2439879431737,-25.17007,11.87688737,2247
"73",73,"Frangula",9.80047550325178e-05,0.066066066,3469.2389627077,1560.66879606448,735.556476568166,0.831489554730125,0.273238511177266,0.165695020477642,0.680469709104808,8.66241475579254,3.26900485428832,964.035852,6637.655851,0.218297767988802,1.18827098760737,-15.05412,11.69428079,189
"74",74,"Fraxinus",0.00472607140910499,0.650510204,3446.12230965346,1560.66879606448,864.140403073612,0.802227007258712,0.273238511177266,0.1732253197863,0.358736691424051,8.66241475579254,3.11780437941392,365.8830718,7574.322609,0.147698957994541,1.24413275948597,-25.17007,12.58307328,2443
"75",75,"Genisteae",0.00175535332796531,0.395348837,4393.34297333725,1560.66879606448,835.349858019244,0.552232564705372,0.273238511177266,0.129351496308301,4.18044986967834,8.66241475579254,2.310086680307,902.261125,7085.181518,0.118162673905766,1.21694632478729,-7.129476178,14.09915141,587
"76",76,"Gentianaceae",0.000209451327500774,0.04467354,2403.43256903154,1560.66879606448,1033.8742570836,0.879956712844644,0.273238511177266,0.181354316426366,-4.29853798861164,8.66241475579254,5.09815985552667,365.8830718,6564.031863,0.189404079898517,1.18970320897435,-38.39146,12.57071473,312
"77",77,"Geraniaceae",0.000289044572158563,0.06782334,3798.45642787205,1560.66879606448,1247.44786471748,0.673695086609342,0.273238511177266,0.186049031158976,-1.3420502623154,8.66241475579254,7.32424594245172,522.4174866,7297.764205,0.135377040199422,1.23079650370937,-41.03023,14.45623298,498
"78",78,"Halimium",0.000229324032827501,0.145833333,4903.0770024816,1560.66879606448,258.563937071737,0.550974072250986,0.273238511177266,0.0246658104255209,6.28289055727414,8.66241475579254,0.952180746385118,2607.522471,6585.521808,0.453809707919122,0.996584368430416,-0.944913741,11.69708146,53
"79",79,"Hedera",0.000419719257200372,0.3243113,4343.36366310061,1560.66879606448,545.670143489138,0.778992693089032,0.273238511177266,0.176639313068553,4.23308516088189,8.66241475579254,2.08524580116411,365.8830718,6445.06812,0.09529607,1.24718272641248,-13.49055,11.98086562,270
"80",80,"Helianthemum",0.00095816401269743,0.244736842,4313.02881703164,1560.66879606448,1021.85722689364,0.575114342424614,0.273238511177266,0.181146826823685,3.27011680117614,8.66241475579254,3.0086476752658,365.8830718,7571.89259,0.09529607,1.18783505450776,-19.16716378,14.8271168,775
"81",81,"Helleborus",3.40222174047693e-06,0.004338395,4407.23565250204,1560.66879606448,1260.69785857606,0.695420080325287,0.273238511177266,0.244043028912568,3.49107145176272,8.66241475579254,3.37946498180146,1279.662,7115.520768,0.0835020980255543,1.146395,-6.027863,10.45526692,13
"82",82,"Hippophae",4.80560021678538e-05,0.019417476,3183.50430414305,1560.66879606448,740.584888380191,0.880351327482814,0.273238511177266,0.111623707719014,-0.440603488061241,8.66241475579254,3.68561662322997,365.8831,7290.723431,0.147539292322024,1.21652052481683,-22.6969572,7.420333446,87
"83",83,"Huperzia",0.000175166593837101,0.100250627,1607.95533629893,1560.66879606448,795.492748226786,1.09526964801144,0.273238511177266,0.0803419488276431,-9.80541144859746,8.66241475579254,6.7933506333509,313.3904018,5738.853,0.5568706,1.2439879431737,-29.50256119,6.23653,218
"84",84,"Hypericaceae",0.000146557939764633,0.164224,2911.14602607859,1560.66879606448,1056.90298333252,0.88005111451285,0.273238511177266,0.174245819477417,-2.30048802660044,8.66241475579254,3.38787661248099,365.8831,7195.727492,0.39456161386599,1.23836126654565,-27.65043054,11.7165429,253
"85",85,"Ilex",0.000784468478940849,0.496875,3574.64909244595,1560.66879606448,177.269447641792,1.06027586990947,0.273238511177266,0.102738468427743,4.83545107308676,8.66241475579254,1.0840863711803,1077.223,5481.473,0.39054636710115,1.229565,-6.276631,8.35995564,171
"86",86,"Impatiens",3.26228753484051e-05,0.1339106,3085.32403576419,1560.66879606448,187.17582111704,0.8415493652461,0.273238511177266,0.0337952694516153,-3.00511634361576,8.66241475579254,1.41652023397206,1168.585,3647.159769,0.702354142857583,1.152507,-16.63967476,0.82054538,38
"87",87,"Iridaceae",6.33949708888201e-05,0.120171674,2940.10305452686,1560.66879606448,824.35018802768,0.887005042473969,0.273238511177266,0.129389241785722,-0.754997010727835,8.66241475579254,3.51249159440375,433.1248,7693.740641,0.0370743472873604,1.184357,-23.18284497,11.87688737,96
"88",88,"Jasminum",1.78675811396717e-05,0.019230769,4797.48740003997,1560.66879606448,617.023168392535,0.4670661932655,0.273238511177266,0.0986424429940226,3.40647741609897,8.66241475579254,2.76424943615761,1956.401615,6578.429052,0.328723583315744,0.851460807570395,-5.740890461,11.66055866,20
"89",89,"Juglans",0.0026908897582843,0.430303,3472.52427911183,1560.66879606448,778.297838374663,0.754763788641217,0.273238511177266,0.13922632877794,-5.20779855447208,8.66241475579254,5.89505462043759,365.8831,7458.225148,0.118162673905766,1.187835,-42.29881,14.09915141,1639
"90",90,"Juncaceae",0.000699947549705791,0.129740519,4122.1826179221,1560.66879606448,972.080354363186,0.624983884586404,0.273238511177266,0.169195307890103,0.771267618781746,8.66241475579254,2.93038579006779,343.2032081,7574.323,0.09529607,1.23455846728063,-14.44408455,10.22332527,558
"91",91,"Kalmia",2.21473149581914e-05,0.042857143,1234.51396664801,1560.66879606448,439.288832324297,1.11538929648433,0.273238511177266,0.0899916564507743,-6.86730599801611,8.66241475579254,2.01705729756384,702.0337,4296.801,0.5173385,1.165879,-17.68305,0.08645619,34
"92",92,"Lamiaceae",0.00235180930891917,0.417283951,4109.97687155303,1560.66879606448,1013.66201490916,0.606918022044572,0.273238511177266,0.174537658040318,1.62173245653764,8.66241475579254,5.02891227780506,365.8830718,7302.056606,0.0542359550907762,1.22540555279501,-42.42932,14.09915141,1671
"93",93,"Larix",0.00312411415236915,0.4350282,1902.61566962295,1560.66879606448,678.077873135957,0.851325190022774,0.273238511177266,0.167214396009199,-15.7131918185566,8.66241475579254,8.59317325405678,365.8830718,7107.4,0.04714805,1.229565,-42.42932,10.83644,979
"94",94,"Lavandula",0.000305403490709198,0.077160494,5037.28038729419,1560.66879606448,285.495354351198,0.443933000718186,0.273238511177266,0.0476298671025259,5.70380696077862,8.66241475579254,0.796965367105141,3215.664901,5864.877018,0.317776230321915,0.87852727074862,0.739446394,7.925330298,144
"95",95,"Ledum",6.9113070610096e-05,0.18452381,1478.16548640811,1560.66879606448,468.372674978774,0.961333914839198,0.273238511177266,0.0240267603284034,-18.6008755103741,8.66241475579254,5.80725859429122,731.8312768,2969.854079,0.867886759540064,1.105706,-27.02122027,-2.614297973,48
"96",96,"Ligustrum",5.16618573861877e-05,0.018867925,4210.6335591693,1560.66879606448,941.48026302479,0.702775143359543,0.273238511177266,0.174890822525043,3.07512581999852,8.66241475579254,3.54461796803768,365.8831,7122.448654,0.233411255363993,1.222668,-9.880596,11.4044535,120
"97",97,"Liliaceae",0.00131650422654072,0.191327913,4840.12406618248,1560.66879606448,966.049430284411,0.507670131319794,0.273238511177266,0.143787980271931,4.41944657812966,8.66241475579254,5.01394994081626,365.8831,8057.136257,0.0542359550907762,1.187835,-41.155,14.8271168,1024
"98",98,"Linaceae",6.28692706720347e-06,0.006369427,4036.27599685551,1560.66879606448,1285.37965509227,0.547319392787256,0.273238511177266,0.161979820537572,-3.83314852848109,8.66241475579254,10.3426456436393,547.0182,5787.19761,0.296424427518291,1.079886,-36.77477,7.222471282,17
"99",99,"Linnaea",2.94425370083617e-05,0.02318784,1617.53560225038,1560.66879606448,754.429020509319,1.00277770687444,0.273238511177266,0.111601456426596,-10.6846208570514,8.66241475579254,5.03988371123957,702.0337,4382.228488,0.5173385,1.222353,-24.33698365,5.064769866,42
"100",100,"Linum",2.5858722205017e-05,0.009940358,3500.51482521882,1560.66879606448,1138.28079475906,0.781307062581894,0.273238511177266,0.193884485691432,0.0799155836989823,8.66241475579254,4.91018868380202,777.0893803,7085.181518,0.118162673905766,1.16373318222621,-19.18672608,12.48433646,72
"101",101,"Lonicera",8.17115710746361e-05,0.073033708,4081.32778537358,1560.66879606448,1041.29708682298,0.681681288925957,0.273238511177266,0.199876960262743,1.99199341181977,8.66241475579254,5.95208362827816,992.6896908,6557.908368,0.07271321,1.222668,-26.87249965,12.58307328,119
"102",102,"Lycopodium",0.00176006958423661,0.807251908,2573.91832243678,1560.66879606448,1170.06125796648,0.943247660740399,0.273238511177266,0.172532907787064,-7.03655355003394,8.66241475579254,7.97209113056132,313.3904018,7085.181518,0.04840978,1.24413275948597,-41.86209,14.09817271,826
"103",103,"Lysimachia",6.2448988076804e-05,0.06517513,2941.37685276564,1560.66879606448,505.400672684303,0.848350914130342,0.273238511177266,0.10506173053506,-3.78024051889757,8.66241475579254,2.60321917435066,702.0337,6530.713218,0.359770290225922,1.222668,-16.94892,9.016722098,108
"104",104,"Lythraceae",4.619904413131e-05,0.04832978,4169.0100284398,1560.66879606448,927.233354477863,0.700905963656097,0.273238511177266,0.157300609381977,1.01560059486637,8.66241475579254,3.94728111935322,1081.837,6919.118685,0.1388197,1.12852185406233,-15.05412,12.57071473,67
"105",105,"Malus",4.41239331062248e-06,0.01010101,3583.16306568782,1560.66879606448,594.080152135513,0.839492173651242,0.273238511177266,0.246506688444023,0.521083845288115,8.66241475579254,3.63907226634825,1785.442338,5243.139,0.09529607,1.12447644584088,-13.4810692,5.690790261,15
"106",106,"Malvaceae",6.14038654382162e-05,0.023255814,4637.11171817906,1560.66879606448,954.902957403657,0.563423634126054,0.273238511177266,0.170460580092413,4.06135503090112,8.66241475579254,4.52667770763309,803.9124,7290.723431,0.147539292322024,1.107073,-37.29361,12.81610863,108
"107",107,"Melanthiaceae",1.13659402291731e-05,0.01650165,1672.57253083355,1560.66879606448,621.608026853707,0.946452987941137,0.273238511177266,0.140437163584725,-12.6908758012278,8.66241475579254,7.20767450224859,788.9852,3936.011,0.4704284,1.169937,-25.63561419,-1.108026,42
"108",108,"Mercurialis",0.000347717035769588,0.2041467,5040.33220861068,1560.66879606448,942.430287153762,0.586134439940699,0.273238511177266,0.167185264308393,5.26556319321271,8.66241475579254,3.76766741446933,365.8831,7574.322609,0.09529607,1.22824634229889,-13.4810692,14.21072499,380
"109",109,"Montiaceae",7.67201858160421e-06,0.028391167,5212.0031203501,1560.66879606448,1126.6363576723,0.809792797250828,0.273238511177266,0.112860223059102,6.24505964566304,8.66241475579254,3.32950318583192,1008.603,5998.524625,0.739417299953616,1.23589134007787,-11.82346,8.564521031,11
"110",110,"Moraceae",7.14415515639517e-06,0.010380623,5192.58923511633,1560.66879606448,868.671184591296,0.629749306393688,0.273238511177266,0.121663327707359,6.12068721537434,8.66241475579254,3.17961052897128,1114.069,6919.118685,0.39054636710115,1.153851,-6.136764,10.23286462,21
"111",111,"Myrica",0.000774556604831217,0.285714286,2780.84032761992,1560.66879606448,558.068723635378,1.10577522671425,0.273238511177266,0.094429763404003,0.0435549723243544,8.66241475579254,3.66788809369895,918.9383636,6343.741226,0.462577242611393,1.24723297704425,-19.21875,11.81269437,224
"112",112,"Myrtaceae",0.000230100947197275,0.147286822,5802.74918184497,1560.66879606448,682.157594002424,0.497374412348786,0.273238511177266,0.105741248514566,9.04373266457664,8.66241475579254,2.3011312150324,1018.360049,7195.727492,0.118162673905766,1.14818077866751,-6.522634625,14.45623298,233
"113",113,"Nartheciaceae",1.85356466398266e-05,0.015053763,2488.60250092338,1560.66879606448,507.059024599917,1.17477789851878,0.273238511177266,0.0584327740309363,0.0191757008476286,8.66241475579254,2.55067250577935,1274.279555,4261.503373,0.46718491473255,1.24413275948597,-8.097400751,5.902171867,40
"114",114,"Nerium",3.2511674976773e-05,0.048,6223.40971690639,1560.66879606448,338.253105559314,0.32512550992412,0.273238511177266,0.0867638668095205,6.92689475238153,8.66241475579254,1.00546140970546,5243.139,6617.601,0.0583163778906948,0.5917176,0.7721206,10.23286462,16
"115",115,"Nitrariaceae",0.000242612948590895,0.1813955,6234.20416904758,1560.66879606448,290.161026312044,0.460077976940737,0.273238511177266,0.155049400462789,6.10312194842327,8.66241475579254,0.812910811109703,4193.507,6919.614,0.09529607,0.950674,-2.663444,9.784804,66
"116",116,"Olea",0.0145791024083308,0.760233918,5192.73777798981,1560.66879606448,773.211945305053,0.481640835560526,0.273238511177266,0.116629420550147,6.23588831220645,8.66241475579254,2.53668625498738,365.8830718,8057.136257,0.05362647,1.18783505450776,-13.441567,14.8271168,1968
"117",117,"Oleaceae",0.00202963279498297,0.678392,5723.15661363353,1560.66879606448,735.396919975682,0.506668619168119,0.273238511177266,0.116998438150103,6.94593569265731,8.66241475579254,2.50848622830823,1231.75501,8112.428736,0.04714805,1.10812303467526,-10.05533,14.80167833,476
"118",118,"Onagraceae",0.000134228449984515,0.039215686,2284.22668449331,1560.66879606448,670.152738616042,0.952635202430964,0.273238511177266,0.132941421913535,-7.53489922241977,8.66241475579254,6.67477611152591,522.4174866,6344.884041,0.4141255,1.23654826326424,-41.81139,9.544330381,256
"119",119,"Ononis",8.00847956023537e-06,0.02226487,3292.36633408025,1560.66879606448,555.039878032471,0.727339841652525,0.273238511177266,0.138157303629868,-2.71696401548639,8.66241475579254,2.52852640184211,1214.194232,5797.400211,0.474994296533059,1.12483924746366,-10.28645714,8.370097963,17
"120",120,"Ophioglossaceae",0.000386051932486838,0.2467443,2854.90154583474,1560.66879606448,1317.19175277409,0.842534725719831,0.273238511177266,0.17920170182038,-3.86115803259309,8.66241475579254,5.18365749495543,365.8830718,7195.727492,0.170085276809605,1.222586,-26.92885252,10.88808349,295
"121",121,"Orobanchaceae",0.000791073467637039,0.3547007,1746.72359993607,1560.66879606448,639.477785654212,1.06905067845801,0.273238511177266,0.117018341233557,-5.61905939463935,8.66241475579254,3.66396602860687,365.8830718,7574.322609,0.147698957994541,1.2439879431737,-33.43363,8.793420194,664
"122",122,"Osmundaceae",5.02297426447817e-05,0.034111311,4320.01815547776,1560.66879606448,710.003652606947,0.781213815371059,0.273238511177266,0.228753780893052,5.2619857240491,8.66241475579254,1.65782614792502,1833.963,7195.727492,0.328640428144826,1.22540555279501,-2.494533,10.88808349,49
"123",123,"Oxalidaceae",0.000112999185351502,0.115541922,2253.56149740979,1560.66879606448,253.859290072029,0.86752095675079,0.273238511177266,0.0423679681265972,-13.150886382118,8.66241475579254,4.17912775824865,1168.584941,3652.756505,0.768606747554995,1.155552,-20.7299827,5.659738369,73
"124",124,"Oxyria.Rumex",0.0102053694001239,0.731707317,3503.57457301951,1560.66879606448,1175.51526179754,0.787663487747561,0.273238511177266,0.179714375802894,-0.131187582562018,8.66241475579254,4.82792327830641,313.3904018,7574.323,0.0896539157382728,1.24413275948597,-37.84181,14.45623298,3911
"125",125,"Paliurus",0.000153752959585011,0.854974705,6560.11108278793,1560.66879606448,643.746147431364,0.46216704866889,0.273238511177266,0.0478570590692982,7.37521898540851,8.66241475579254,1.81042792596495,2916.839509,6912.362386,0.407613848267451,0.828423172343719,-6.750570635,9.016722098,47
"126",126,"Papaveraceae",0.000658645859089501,0.231823,4683.94086783014,1560.66879606448,689.612352241278,0.466171677059316,0.273238511177266,0.12357681707328,3.28473567150265,8.66241475579254,3.77589579986263,379.7646,7458.225,0.09529607,1.21264328433211,-42.29881,14.45623298,463
"127",127,"Parrotia",6.4921704552493e-05,0.157894737,5723.7838622921,1560.66879606448,118.886990001359,0.968032917824326,0.273238511177266,0.0758065838605821,6.04029361494137,8.66241475579254,0.488205403880094,3717.763956,6102.477,0.127309,0.988545001658678,-0.079680543,6.330767957,15
"128",128,"Phillyrea",0.00216721303344689,0.644230769,5354.46172814668,1560.66879606448,612.311640516758,0.555858303569565,0.273238511177266,0.109961669658582,6.50548748417314,8.66241475579254,2.31489447217359,788.9851722,7693.740641,0.0370743472873604,1.16587939025044,-11.83121,14.09817271,940
"129",129,"Picea",0.0421536519902447,0.709185,2279.39215553252,1560.66879606448,429.915410446646,0.976744281002812,0.273238511177266,0.0780805261294814,-8.88824726271036,8.66241475579254,4.91032856653122,365.8830718,7574.322609,0.147698957994541,1.24413275948597,-42.42932,7.965033998,3144
"130",130,"Picea.orientalis",0.000117515150046454,0.114942529,2426.22726849379,1560.66879606448,532.114867425601,0.875676381430239,0.273238511177266,0.100544347596717,-7.69755877710002,8.66241475579254,1.98308334025044,1319.770242,5480.998942,0.557015433253387,1.09522105030102,-13.4810692,6.246740565,65
"131",131,"Pinus..diploxylon.",0.186585394832146,0.972868217,2875.55446043218,1560.66879606448,903.406673136638,0.845808376181866,0.273238511177266,0.153952024450356,-4.62509512955001,8.66241475579254,5.70415439864874,313.3904018,8112.428736,0.0370743472873604,1.24723297704425,-42.42932,14.8271168,5422
"132",132,"Pinus..haploxylon.",0.033902900729328,0.9441341,3187.01778388081,1560.66879606448,1215.10284579321,0.738578314948869,0.273238511177266,0.175458315585222,-5.19369388404585,8.66241475579254,7.01042571246629,365.8830718,8110.034257,0.04714805,1.222668,-42.29881,14.80140685,1319
"133",133,"Pistacia",0.00203724309662434,0.510934394,5574.27109896422,1560.66879606448,654.343313192497,0.482513627044752,0.273238511177266,0.116442010340631,7.69844321135417,8.66241475579254,2.33111051169267,1077.223,7929.507666,0.0563867822932036,1.157377,-6.750570635,14.8271168,767
"134",134,"Plantaginaceae",0.0128207415263239,0.670026882,4105.61108629672,1560.66879606448,1195.28160844377,0.683539844253403,0.273238511177266,0.209606723270635,2.22441083016076,8.66241475579254,4.03485865984536,365.8830718,8057.136257,0.0370743472873604,1.24718272641248,-37.55937,14.8271168,4205
"135",135,"Platanus",0.000740742194951998,0.549374131,4285.34840973967,1560.66879606448,807.611468724845,0.723889014978436,0.273238511177266,0.118433431859224,2.7702709739314,8.66241475579254,2.03771704638928,365.8831,7122.448654,0.170085276809605,1.187835,-13.441567,9.78818183,391
"136",136,"Plumbaginaceae",0.00129239592629297,0.616533865,4951.23826292727,1560.66879606448,755.35271985648,0.579450907163845,0.273238511177266,0.143683454075815,3.56047899427938,8.66241475579254,3.06366335654556,728.5216258,7471.165,0.04714805,1.24221804564065,-41.84378,14.8271168,555
"137",137,"Poaceae",0.0968461329691855,0.820905459,3378.0099729605,1560.66879606448,1078.88009462749,0.788847217320949,0.273238511177266,0.192466943597234,-0.818066465326419,8.66241475579254,5.18857904590405,313.3904018,8112.428736,0.0370743472873604,1.24723297704425,-42.42932,14.8271168,5258
"138",138,"Polemoniaceae",0.0146032474419325,0.899699097,4650.39867898341,1560.66879606448,916.979596710309,0.523514009930063,0.273238511177266,0.154508549313159,1.1535262098803,8.66241475579254,2.92309639786338,696.8027065,8110.034257,0.04714805,1.13391116529556,-26.37479768,14.80140685,724
"139",139,"Polygalaceae",6.1954414834314e-05,0.1329609,3335.12291444797,1560.66879606448,924.307115586235,0.757514711237107,0.273238511177266,0.213616391295673,-1.93332555005988,8.66241475579254,3.8815734821195,1019.585,6527.071,0.232586913234882,1.222668,-19.12475549,10.51958337,52
"140",140,"Polygonaceae",0.000807255609786312,0.282222222,3090.94248112253,1560.66879606448,1368.36688875226,0.723085866614066,0.273238511177266,0.22239842335921,-8.89380671553694,8.66241475579254,8.18277673706713,547.0181546,7297.764205,0.07271321,1.222586,-42.42932,11.68691667,449
"141",141,"Polygonum",0.00125970836745122,0.1704036,3954.5255901841,1560.66879606448,975.665899607482,0.623489804034212,0.273238511177266,0.158544458673682,0.000391200646271162,8.66241475579254,4.64174072264502,385.0218334,7571.89259,0.04714805,1.2135607891262,-37.04942,14.8271168,1137
"142",142,"Polypodiales",0.021656190222205,0.821155184,2818.03930788058,1560.66879606448,946.524714479481,0.939858317359395,0.273238511177266,0.164458127463242,-3.65219214661759,8.66241475579254,4.42446863168072,313.3904018,8112.428736,0.04714805,1.24723297704425,-37.73623,14.80167833,3493
"143",143,"Populus",0.000533194236915454,0.147219193,4124.42759600555,1560.66879606448,963.6329052619,0.641347397345852,0.273238511177266,0.189046155567196,1.67351284224543,8.66241475579254,4.34185136579764,365.8831,6787.939757,0.208128683233112,1.24157742560402,-24.84431441,12.03301871,714
"144",144,"Portulacaceae",1.97704685661195e-05,0.09966287,3290.76295609574,1560.66879606448,645.626763800837,0.801230771910694,0.273238511177266,0.123645710711171,-5.08824965992137,8.66241475579254,2.5013275289254,2829.228,6056.317,0.3245314,0.8884743,-6.827079,6.373898,12
"145",145,"Potentilla",0.00153999069773924,0.352808989,2159.13778210756,1560.66879606448,633.833980109881,1.01542002789659,0.273238511177266,0.152764701623171,-4.77891573302222,8.66241475579254,5.37873521098229,365.8830718,7110.448396,0.07336918,1.24723297704425,-33.43363,11.69708146,898
"146",146,"Primulaceae",0.000334680198358625,0.1267986,4203.20457334944,1560.66879606448,1475.50395854424,0.596914939620621,0.273238511177266,0.259559770491393,1.62903170654737,8.66241475579254,5.83943517774835,365.8831,7015.16,0.04840978,1.2338486461003,-39.97291,14.21072499,350
"147",147,"Prunus",0.000164599542427996,0.198675497,3753.7855057656,1560.66879606448,680.087248372659,0.752856039307973,0.273238511177266,0.130983981216798,0.598680507675612,8.66241475579254,3.09980111214509,365.8831,6360.128,0.0563867822932036,1.23867353450458,-15.41169597,10.23286462,202
"148",148,"Pteridaceae",0.000273925218953236,0.654761905,4542.1400733851,1560.66879606448,1083.04117498045,0.54529938905714,0.273238511177266,0.210502789455122,5.11203812124317,8.66241475579254,3.8742089875869,678.8275191,6650.983405,0.181299219570882,1.24322018496742,-12.6937893,11.42602199,174
"149",149,"Pterocarya",7.06091711056055e-05,0.2197878,4473.59434438416,1560.66879606448,810.096751678889,0.694143108727605,0.273238511177266,0.120064548127147,0.106837932614837,8.66241475579254,3.414728542512,1077.223103,6606.582,0.2910152,1.15737671573435,-13.49055,7.156262,58
"150",150,"Quercus.deciduous",0.0530032489165376,0.9259259,3931.45964101443,1560.66879606448,837.890348764601,0.729885015924229,0.273238511177266,0.157944465065475,0.79775338253422,8.66241475579254,3.83346252629898,343.2032081,8057.136257,0.0542359550907762,1.24723297704425,-27.51336,14.40617834,4674
"151",151,"Quercus.evergreen",0.0375259863496439,0.9041916,4928.8861125166,1560.66879606448,626.769597845421,0.505466432816992,0.273238511177266,0.107911902178558,5.1215038503786,8.66241475579254,2.19827485984208,830.8019616,8112.428736,0.04714805,1.15110360616809,-12.45548,14.80167833,2129
"152",152,"Quercus.intermediate",0.000312933349179312,0.2368421,3899.52124098706,1560.66879606448,543.798130128413,0.670562573892266,0.273238511177266,0.111300505658974,2.8284649423448,8.66241475579254,1.51692483098484,1815.967,6381.403758,0.446439702481533,1.046023,-2.668068,9.622271084,45
"153",153,"Ranunculaceae",0.00250299679312481,0.362637363,2857.97765052884,1560.66879606448,963.386157005618,0.872240935587429,0.273238511177266,0.150572109519229,-3.42341864878529,8.66241475579254,6.61064659198834,365.8830718,7458.225148,0.147539292322024,1.24413275948597,-42.42932,12.58307328,1871
"154",154,"Ranunculus",0.00337278311350263,0.788192,2965.28331935885,1560.66879606448,941.934282677075,0.87901613108822,0.273238511177266,0.175471545995589,-2.57937161258298,8.66241475579254,3.993310524995,365.8830718,7247.690136,0.07271321,1.24723297704425,-33.43363,12.58307328,1622
"155",155,"Resedaceae",1.50794919479715e-05,0.036437247,3471.52743517881,1560.66879606448,1001.9709624817,0.66509948458283,0.273238511177266,0.109946298885766,0.0597159972013352,8.66241475579254,3.79507794589803,1114.069,6343.741226,0.391338324410918,1.153851,-14.47163121,11.81269437,30
"156",156,"Rhamnaceae",8.58763696190771e-05,0.070048309,4822.9570864237,1560.66879606448,985.788839622567,0.48014549666717,0.273238511177266,0.14258594744048,4.88824243622248,8.66241475579254,3.95727526078257,1599.25774,7302.056606,0.159292927397001,1.12768410265622,-24.7172193,13.62968524,76
"157",157,"Rhamnus",0.000112078880458346,0.071895425,4603.38906806565,1560.66879606448,1102.15245563013,0.697460158510161,0.273238511177266,0.160252941831469,4.01104749298477,8.66241475579254,4.16599025897032,365.8831,6956.871668,0.09916899,1.187835,-21.15094619,12.03492118,176
"158",158,"Rhododendron",0.000371476125425828,0.345856922,1604.57357935267,1560.66879606448,767.940099620197,1.08602048624918,0.273238511177266,0.114395946678528,-4.94555270291703,8.66241475579254,2.47642355686054,365.8831,5268.158466,0.2114067,1.187835,-29.79906,5.891395396,145
"159",159,"Rhus",0.000130003480489316,0.2181782,4729.17055627435,1560.66879606448,953.946643812533,0.685987655414599,0.273238511177266,0.229558445527393,3.04732601820015,8.66241475579254,4.88309861999456,951.1694,7302.056606,0.153815927491971,1.167659,-13.98392,14.33977834,69
"160",160,"Ribes",5.45911830288015e-05,0.1038062,4114.83033781173,1560.66879606448,873.022544947331,0.441897451081235,0.273238511177266,0.221814908519937,-1.63301403443581,8.66241475579254,4.50108119576929,1143.540023,7015.16,0.111948,1.09781372900131,-24.4827597,9.976864,44
"161",161,"Rosaceae",0.00480625734561784,0.4625122,3114.44482381501,1560.66879606448,964.471160715795,0.827699889135943,0.273238511177266,0.173036579730966,-2.61096179257647,8.66241475579254,5.93997249009967,365.8831,7574.322609,0.07271321,1.24723297704425,-41.86209,14.33977834,3082
"162",162,"Rosmarinus",4.08762980799009e-05,0.048582996,4249.29286267496,1560.66879606448,1018.44843382591,0.605441373563598,0.273238511177266,0.110605230215596,3.57965693708676,8.66241475579254,3.56937403937105,1844.810293,6343.741226,0.430344855144625,0.971293619250305,-5.933071686,11.81269437,43
"163",163,"Rubiaceae",0.00253132692954475,0.360655738,3540.02180499653,1560.66879606448,919.444323665869,0.787526239806574,0.273238511177266,0.169108125666329,-0.193881136357463,8.66241475579254,4.65797038459805,365.8830718,7574.322609,0.09529607,1.2439879431737,-27.65043054,12.58307328,2054
"164",164,"Rubus",0.000630378063641994,0.177814029,3185.70720059297,1560.66879606448,1099.21503770359,0.725287200643127,0.273238511177266,0.243334671618646,-3.67042396327731,8.66241475579254,4.66680934290405,433.1248,7107.4,0.04840978,1.23771265289678,-29.79906,11.90276693,438
"165",165,"Ruscus",1.42445071229483e-05,0.02244898,4918.92556417578,1560.66879606448,192.254028262071,0.513265471549893,0.273238511177266,0.0402874120939451,5.67883878930367,8.66241475579254,0.52259569833539,3844.738362,5403.880942,0.352420226666032,0.619213310328298,2.828280982,7.299039236,13
"166",166,"Salix",0.00651311497692784,0.729097,2351.94169428779,1560.66879606448,1032.39103496585,0.935015866659853,0.273238511177266,0.149619348650461,-7.60429950826069,8.66241475579254,6.85065769641121,313.3904018,7574.322609,0.0583163778906948,1.2439879431737,-42.42932,14.33977834,3224
"167",167,"Salvia",8.75990291111799e-06,0.034,2376.97084327277,1560.66879606448,291.649176432375,0.795865215756847,0.273238511177266,0.0731330479974279,-4.47765540752386,8.66241475579254,0.962688206639266,1855.829,3971.124333,0.384583455130179,0.90079,-11.81913,0.200694517,16
"168",168,"Sambucus",0.00109229029327965,0.547528517,3905.41439296024,1560.66879606448,903.747782979127,0.697776915016797,0.273238511177266,0.169992437475889,-0.745943023710001,8.66241475579254,3.73427685345099,365.8831,7458.225,0.07271321,1.21588979385389,-23.82100138,12.03301871,834
"169",169,"Sanguisorba.group",0.00108286200449055,0.433121019,4739.58424271438,1560.66879606448,1093.29695102312,0.556767918213539,0.273238511177266,0.148005026722298,2.64097024965599,8.66241475579254,4.73509919444333,433.1248,7749.048159,0.0688606940744526,1.184357,-41.81139,13.03043251,666
"170",170,"Santalaceae",6.38137725301951e-05,0.08988764,5116.30242385414,1560.66879606448,555.822164811668,0.393602473592972,0.273238511177266,0.130616922898136,5.92144986707746,8.66241475579254,1.89792579318688,365.8831,6744.789921,0.188644010539802,1.187835,-9.880596,14.09915141,65
"171",171,"Saxifragaceae",0.000783842312790338,0.3578199,1868.44868117442,1560.66879606448,1251.7878083103,0.954965797919311,0.273238511177266,0.170945504404293,-6.85172829139025,8.66241475579254,6.43871866920392,313.3904018,7107.4,0.2036516,1.23589134007787,-42.42932,11.81269437,481
"172",172,"Scrophulariaceae",0.00137603678027253,0.735294118,4109.77868269887,1560.66879606448,995.439259767476,0.632434624392916,0.273238511177266,0.194554882367212,2.13171042374357,8.66241475579254,4.45719300895385,433.1248,7574.322609,0.147698957994541,1.24374912541377,-42.29881,14.45623298,1407
"173",173,"Solanaceae",0.000270279484360483,0.275917065,4640.90072959578,1560.66879606448,748.857769277763,0.499919721763412,0.273238511177266,0.122907003123853,4.07357298302229,8.66241475579254,3.29867834053598,820.1097,7195.727492,0.0754698422680021,1.207302,-39.95099,12.15862634,219
"174",174,"Sorbus",0.000195611185970889,0.14507772,2687.97616936292,1560.66879606448,677.52542539914,1.0069735641366,0.273238511177266,0.108867150079763,-2.42490960031034,8.66241475579254,3.65013246559991,365.8831,6084.083101,0.452868617581326,1.24413275948597,-17.28071,10.85465481,402
"175",175,"Styrax",1.87475323629607e-05,0.022953328,4458.35502322796,1560.66879606448,425.227732599741,0.466847455356401,0.273238511177266,0.0116464687913145,1.95791472154059,8.66241475579254,1.25072251285673,3491.526437,6122.386542,0.427299622397587,0.492726813750731,-1.109262964,7.754045206,30
"176",176,"Tamarix",0.000346088392226696,0.391201885,5673.39229762179,1560.66879606448,594.882997003954,0.376332274293933,0.273238511177266,0.0899527448783734,6.68221032763711,8.66241475579254,1.89520687752837,1081.837,8057.136257,0.0639578130277798,1.081492,-12.88826,14.40617834,78
"177",177,"Taxus",0.000946567135181171,0.951425554,3542.51387465601,1560.66879606448,247.494763043411,1.07320044005864,0.273238511177266,0.0855813925341146,4.30176439650653,8.66241475579254,2.27103166686762,365.8831,5734.534,0.384583455130179,1.21076675883846,-9.880596,6.841005986,182
"178",178,"Teucrium",5.162402957572e-05,0.04042047,4370.39940477161,1560.66879606448,742.026061001473,0.667100766666312,0.273238511177266,0.17658138085826,2.28521543875759,8.66241475579254,1.75377369782217,1076.267,7297.764205,0.155604050261725,1.19123186944843,-13.441567,8.793420194,81
"179",179,"Thalictrum",0.000685622353669867,0.234567901,2251.84103083676,1560.66879606448,999.900561952823,0.832652653032779,0.273238511177266,0.196785123470056,-12.4426157004544,8.66241475579254,7.20833928162854,313.3904018,7302.056606,0.09529607,1.23654826326424,-39.95099,14.33977834,693
"180",180,"Thymelaeaceae",0.000181750726540725,0.125,6382.10769575969,1560.66879606448,491.430011984846,0.282113780777776,0.273238511177266,0.122706334216831,10.1571186858991,8.66241475579254,1.5914842640715,3569.15,8057.136257,0.0542359550907762,1.00688647917738,2.742865396,14.45623298,95
"181",181,"Tilia",0.00219357458284299,0.471246006,2982.81935017944,1560.66879606448,519.466528989016,0.833946844545534,0.273238511177266,0.083527017365165,-8.07477503609551,8.66241475579254,5.02753181800209,365.8831,7574.322609,0.147698957994541,1.2432012149622,-29.50256,10.23286462,1505
"182",182,"Tofieldia",5.09355481573243e-06,0.006390593,1077.49726573775,1560.66879606448,257.347337562001,1.1156131141015,0.273238511177266,0.0251640853192769,-10.2510742154259,8.66241475579254,3.29126638207127,702.0337,2141.499,1.05864,1.207302,-16.87685,-2.778808,21
"183",183,"Trollius",0.00014713146856612,0.210131332,1491.81953059239,1560.66879606448,322.918014018901,0.971304100702421,0.273238511177266,0.138397342760406,-13.7173928266439,8.66241475579254,6.04522718764631,365.8831,3007.917427,0.490167768682842,1.23654826326424,-27.65043054,-1.906358,150
"184",184,"Ulmus",0.00251312171926293,0.519148936,3201.6421533933,1560.66879606448,794.008214831384,0.809056053427149,0.273238511177266,0.148034268418611,-5.98966130260879,8.66241475579254,5.73997219479841,365.8831,8112.428736,0.0370743472873604,1.24718272641248,-27.51336,14.80167833,2041
"185",185,"Ulmus.Zelkova",0.00014363241220192,0.387096774,5632.04157302087,1560.66879606448,270.173897020435,0.950438261866949,0.273238511177266,0.0756907959746234,5.86327726274225,8.66241475579254,1.04411363865497,2916.839509,5762.637276,0.387191666930326,1.09522105030102,-6.750570635,8.200911916,31
"186",186,"Urticaceae",0.00391759900572933,0.827042993,3366.94766779278,1560.66879606448,1050.5337272792,0.795378958390332,0.273238511177266,0.201489913810925,-1.31946557939478,8.66241475579254,4.39722755611074,336.4414003,8110.034257,0.09529607,1.2439879431737,-27.1144456,14.80140685,2318
"187",187,"Vaccinium",0.00157489370161041,0.4715026,1554.729715627,1560.66879606448,564.634719926259,0.914867857730655,0.273238511177266,0.161451189473897,-18.3083065139924,8.66241475579254,10.7834202896185,365.8830718,6893.95,0.07271321,1.24413275948597,-42.42932,9.976864,765
"188",188,"Valerianaceae",0.0001797525586869,0.146750524,3080.95342915206,1560.66879606448,1027.33118351286,0.782876275654215,0.273238511177266,0.158382211269271,-3.03161640108235,8.66241475579254,6.58309781675376,365.8830718,7571.89259,0.147834852064294,1.23771265289678,-37.73623,12.58307328,266
"189",189,"Verbenaceae",1.30572942087334e-05,0.02027027,6124.59694850791,1560.66879606448,772.431307092607,0.22820143515356,0.273238511177266,0.169461208347946,7.11327742642002,8.66241475579254,2.25493841649206,2803.136,7015.16,0.047608,0.909733810414249,-3.966159,9.976864,19
"190",190,"Viburnum",0.000159427351347166,0.105357143,4119.88180175084,1560.66879606448,781.826738860261,0.681211998411247,0.273238511177266,0.139930042296187,1.09887775615758,8.66241475579254,4.59655346974105,365.8831,7195.727492,0.288797704652671,1.187835,-21.36038,11.71594954,266
"191",191,"Violaceae",9.26257034685661e-05,0.091445428,3520.91371244008,1560.66879606448,1081.97033426622,0.769675955840582,0.273238511177266,0.233117050731241,0.380726128334444,8.66241475579254,4.73666327640416,777.0831488,7107.4,0.04714805,1.220032,-27.1144456,10.83644,149
"192",192,"Viscum",7.82494687209662e-05,0.057065217,3657.75510580128,1560.66879606448,458.72165826606,0.653986996897414,0.273238511177266,0.106759606922769,1.94539264790664,8.66241475579254,1.78402565850488,1205.118,5273.301,0.1875155,1.17875503622573,-14.8811,6.968023,74
"193",193,"Vitex",7.18421554660886e-06,0.03043478,6467.86973181945,1560.66879606448,706.33732061219,0.38369940759956,0.273238511177266,0.102780522085357,8.2221592961295,8.66241475579254,2.81291057207851,3153.381523,7107.4,0.2896394,0.6957846,-3.255878,10.83644,11
"194",194,"Ziziphus",1.41202774852896e-05,0.01183432,6085.35237108577,1560.66879606448,378.716832673336,0.283994690804581,0.273238511177266,0.0911813265223972,9.61787348162488,8.66241475579254,1.51701970281256,4124.161671,6905.824796,0.071254420002859,0.774099201711551,1.977307977,14.33977834,19
"195",195,"Zygophyllaceae",0.000349990275317436,0.136,3807.75382272603,1560.66879606448,830.572648699678,0.689614355729297,0.273238511177266,0.187323756322939,-1.34976730428107,8.66241475579254,2.79735007055341,1106.864124,6606.582,0.102034254331145,1.13391116529556,-19.28312578,11.19261516,254
