"","Site","Age.cal.BP","Hill_N1","gdd","alpha","Tmin","SE_gdd","SE_alpha","SE_Tmin"
"1","Enol",2233,13.3190905767955,3948.55831578084,0.827363771691987,4.62511896334456,910.22235609615,0.159257315518951,4.86272379412699
"2","Enol",2726,10.6590521739787,3854.56973497079,0.879355227274827,3.36827712560743,909.112439081404,0.158329194861273,4.86297029986635
"3","Enol",3465,8.33319185775637,3923.70592106343,0.861783433354365,4.18777798384389,910.23894899969,0.158541107542403,4.8671429996057
"4","Enol",4081,7.38559340727437,3671.22033248098,0.907843215815147,3.41179524974617,910.087493920061,0.158487632841253,4.86448273629616
"5","Enol",4698,6.68356890100265,3832.90716966648,0.909362031910832,4.42352841128067,911.652455524487,0.158719906949887,4.87200054992553
"6","Enol",5314,7.18096072524236,3721.01343161713,0.897484116312042,3.91733264893152,910.400801239972,0.158530706495198,4.86604233414653
"7","Enol",5930,8.47181850961751,3553.45361363411,0.886240482777367,1.6410293989303,909.520309426086,0.158415085415957,4.86255617642691
"8","Enol",6210,6.47533425735934,3760.6457527699,0.882339124254248,3.235771095073,910.042720847362,0.158483856073404,4.86435978360466
"9","Enol",6490,7.67556771412441,3750.79606081113,0.896204338594139,3.70906364394457,911.190273768701,0.158659992047654,4.87190656692087
"10","Enol",6771,6.89003505675519,3671.81119966023,0.924319025426146,4.02064818393108,911.916653986808,0.158749945228293,4.87416276228242
"11","Enol",7051,8.39818506931993,3550.95435943973,0.918686049804957,2.56218222621849,910.531440637481,0.158516579937533,4.86689502073338
"12","Enol",7331,7.59470886593646,3702.3534268594,0.895128603851159,3.25755284868333,910.130276942045,0.158522709271874,4.86576652891758
"13","Enol",7591,7.25224546070416,3750.61545159367,0.874275352839436,2.96962724543657,910.195968572162,0.158513228968294,4.86596785419927
"14","Enol",7767,6.93907178123824,3681.97158366325,0.918628554728393,4.01057874938208,911.696774728144,0.158708142086723,4.87285440920292
"15","Enol",7944,8.33943005167103,3639.44880963471,0.898380851323467,3.07965077349697,910.319000098399,0.158515477517231,4.86649498450545
"16","Enol",8121,7.10419584601039,3696.6819934614,0.916010748024889,4.34475527718675,911.77284089938,0.158717506358388,4.87279993568768
"17","Enol",8297,7.24883088445736,3688.68258008126,0.90141129916547,3.35087443284682,911.136809853601,0.158638754712318,4.8702750672152
"18","Enol",8474,7.49782891692479,3604.13661520061,0.894607434591263,2.92672963277895,909.973300479985,0.158465572857083,4.86472237890917
"19","Enol",8631,7.35848599585015,3667.8606162688,0.895085550051801,3.28394503960367,910.352825715651,0.158533770936028,4.86704589370843
"20","Enol",8709,7.10906523505565,3728.47726952987,0.869344487212112,2.72659229273255,909.757333306651,0.158462571084431,4.86372451096198
"21","Enol",8787,6.24354388731579,3862.38920281617,0.874089928495402,4.00642672892476,910.603497907045,0.158595467231037,4.86782254299539
"22","Enol",8864,5.73972459110736,3866.31894691132,0.877683510858861,4.38735061635268,910.649001693121,0.158598597677214,4.86690455203786
"23","Enol",8942,6.05729355980779,3818.52532759085,0.906232546681811,4.82031714526385,911.371204160396,0.15869339468832,4.87063525254267
"24","Enol",9020,5.68684149194414,3833.71113986744,0.909869526354064,5.13531727353499,911.888111571265,0.158738028035653,4.87337465982285
"25","Enol",9098,6.92918957645476,3836.78597290537,0.877784594675894,3.64744661670415,910.667210484224,0.15860974846201,4.86765996760126
"26","Enol",9176,5.49201004900632,3852.80141124835,0.902185708947087,4.38687533481062,911.908537275608,0.158763452516433,4.87327962500577
"27","Enol",9254,5.62728481516925,3841.63694430333,0.871243837781321,3.94316632001016,910.430776598916,0.158529317594083,4.8654959494133
"28","Enol",9480,5.16854008788919,3989.0809028652,0.861131505426215,4.66365023147348,910.61708907635,0.158644746022532,4.86702387763603
"29","Enol",9805,5.64747477066197,3863.04479300367,0.811819061231691,1.5993531966843,908.841712165782,0.158333965353057,4.85785033391375
"30","Enol",10131,5.85799200396067,3790.46329341842,0.832302519050573,2.22853888055197,909.017452857263,0.158345929021425,4.85859336460868
"31","Enol",11042,6.61514091851495,3840.50042405635,0.763312674919392,0.819137887438447,908.412062416748,0.158218274248757,4.85605009880275
"32","Enol",12128,5.88166296915652,3576.89145322651,0.791049221363467,-0.633852317977715,908.327816781207,0.158201643590314,4.85631221797989
"33","Enol",13435,10.8941033964784,3456.51020740398,0.738857958465907,-0.179642648360688,908.558122675317,0.15814513864032,4.85639474198785
"34","Zonar",-28,6.68962814142142,6068.48338537104,0.378947534555335,9.86064640832519,921.915613964492,0.160306048099504,4.89430342458949
"35","Zonar",-22,5.88255363634274,6095.08663549004,0.393390559128061,9.99658735455562,917.361809049523,0.159821063676404,4.88474865063608
"36","Zonar",-17,10.2364412129135,4914.3344212641,0.555089017779138,5.70810561621668,913.395807756318,0.15894024689484,4.87200980304372
"37","Zonar",7,3.88994102694801,6515.29306499852,0.351806605254008,11.6002804781812,921.703291372044,0.160543703462735,4.89815735809352
"38","Zonar",59,5.62015405961527,5761.07651013282,0.467401035399359,9.23188684514279,913.167652110444,0.159016961964061,4.8703244352162
"39","Zonar",70,11.757287503232,5826.36037971877,0.337459178615736,9.00512206401978,935.045910775819,0.162471046438867,4.97082829056905
"40","Zonar",134,10.4724839826716,5514.71040263027,0.460206137458286,8.44375029708042,910.824495031777,0.158778569372688,4.86446668300048
"41","Zonar",197,12.7387225009751,5637.77010973576,0.401978587206503,8.77393523910057,914.917483085784,0.159483699766497,4.87356992430979
"42","Zonar",259,13.1407111438428,5479.71861150752,0.426715896929924,8.10584616204674,912.146448592719,0.158972161389754,4.865014219887
"43","Zonar",281,5.71047647923017,6342.27288273642,0.322281838412633,10.473737532257,916.270482525549,0.159382708928998,4.87934921601531
"44","Zonar",321,13.4407147232794,5922.65235728798,0.375766408522507,10.2397147618283,917.817949680812,0.160262267681385,4.87937757426099
"45","Zonar",383,11.7891248600837,5808.48858284281,0.394863555825325,8.88512580378553,911.151063777812,0.15859905773826,4.86643222425285
"46","Zonar",445,13.4127600133595,5666.30621939366,0.395001217730875,9.3509337886957,918.001437554182,0.160792202505216,4.88200124268949
"47","Zonar",506,17.8156613864637,5619.10204859139,0.391190835460588,8.44070112815912,911.503561087643,0.158984680897047,4.86784068554194
"48","Zonar",568,13.5054908347248,5647.85904310494,0.388285833433415,8.8579325060071,917.568810327269,0.160069833110288,4.87892635266194
"49","Zonar",607,20.3934793824039,5367.62983238104,0.425025793526422,7.35717689682743,913.975235776458,0.15988977479873,4.87426420578195
"50","Zonar",631,20.2976812200635,5966.45599885812,0.298320250517566,10.0084458112412,927.666782522202,0.163303389435766,4.90781780459684
"51","Zonar",653,11.2568521724463,6269.15170778398,0.334350473160588,9.89377920736061,915.841822943325,0.15920765591638,4.8767509554143
"52","Zonar",655,12.2119759666038,5140.48009869582,0.475590187858128,6.2030800751807,909.231925613165,0.158354234122542,4.85910098853996
"53","Zonar",680,17.4727086344824,6214.03461168539,0.280133232623768,10.3263386337992,940.12224768876,0.165702929933903,4.94704229311098
"54","Zonar",725,11.8331748149042,5646.72091554454,0.436610343193221,8.32271202893235,910.445755724906,0.158448278426993,4.861536276692
"55","Zonar",881,10.8637252876574,5831.55156729445,0.392422625204627,7.7364384056524,910.402040557146,0.158436509042822,4.86283823793457
"56","Zonar",1091,15.378558134262,5511.87623353922,0.464795267044365,7.74562751489114,910.15492643521,0.15847387356149,4.862614645508
"57","Zonar",1197,9.20975361986647,5766.12666406792,0.405279132929991,6.72394145605337,911.539739223098,0.158579621257409,4.86823771815735
"58","Zonar",1292,10.6332305338349,5361.83377531085,0.495970302325201,7.52624463950546,909.727570340928,0.15839936041301,4.85972155147257
"59","Zonar",1356,11.1429119324287,4960.28923532714,0.562030073615522,6.28179285876479,909.77286107123,0.158407360784564,4.85990742627667
"60","Zonar",1418,8.75273620390843,5338.46743231163,0.524464898747089,7.93082979138441,910.60135164427,0.158600016721826,4.8626637610435
"61","Zonar",1480,9.39232112287809,5322.07700789599,0.528163804610532,7.9571880138745,912.512122826649,0.158799658508701,4.86824474595731
"62","Zonar",1511,8.70814395427875,5430.81594235075,0.498399367140687,8.19881144194859,911.126621492298,0.158630707461743,4.86275434315986
"63","Zonar",1573,11.4629870818429,5019.59382416058,0.529848303806513,6.22672261194869,910.124403414038,0.15844516450878,4.86067950149668
"64","Zonar",1635,11.0126039374577,5149.00726106783,0.510982492239704,6.65038194500958,910.672714587971,0.158525143657089,4.86596532404159
"65","Zonar",1697,11.9100490640616,5445.38670562881,0.448557114288273,7.21302494050383,910.765946736892,0.158430313837242,4.86465775422671
"66","Zonar",1759,13.5853220905656,4428.41899780973,0.625880085663398,4.63315958522785,909.835873675422,0.158277343502548,4.86092527294613
"67","Zonar",1843,11.8855629291845,5797.2114606052,0.44607036090132,8.27411565633241,910.897864614339,0.158510196008641,4.86305474170694
"68","Zonar",1962,10.9235179107937,5387.8818777546,0.496708155735183,7.4531931715737,911.725861166853,0.158627253260495,4.87195197585257
"69","Zonar",2170,10.1142955200894,5501.2190556362,0.455512280167089,7.45109309124896,911.047314081618,0.158484302718009,4.86316995813567
"70","Zonar",2212,9.41711740121686,5860.699685008,0.435057267294797,9.37256482968183,914.388888315801,0.159150101669108,4.87367616998725
"71","Zonar",2254,7.89496873922936,5993.89442163681,0.38599601290057,8.98768992442736,910.852355321837,0.15853906993538,4.86260192568291
"72","Zonar",2297,5.84831849302253,6505.44232159321,0.327503053545827,11.3248204899016,918.77876163606,0.15961597559243,4.88365092741966
"73","Zonar",2382,4.0424438837938,6430.19907802885,0.362256961593366,11.3734650190268,921.661903318158,0.160482201572105,4.89788353103394
"74","Zonar",2424,5.63939369128617,6427.05538602304,0.357301587166641,11.1602472940873,918.935147771942,0.160039736191266,4.8891521764765
"75","Zonar",2450,8.34083107449448,6134.5481685366,0.399930485726301,10.5244855628207,915.578612323055,0.159330254276851,4.87677437860369
"76","Zonar",2493,9.40679369883141,5095.35295718448,0.528585089892337,7.09615443535437,910.926434222362,0.158499522603439,4.86188180966926
"77","Zonar",2535,17.1861638803288,5349.88226114717,0.483173239025372,6.87365780254617,910.110420610894,0.158376787441604,4.86155417991842
"78","Zonar",2578,11.0937748534343,5498.80341211188,0.464337326393885,6.94760023519784,911.125766064347,0.158543761365002,4.86591921883117
"79","Zonar",2620,11.6117931676622,5739.50644071544,0.43243754691532,7.50841441630367,913.496039747361,0.15895268220706,4.87362198131047
"80","Zonar",2663,11.4512729361286,5342.46644284766,0.478942830781993,6.14164826573566,910.442529625411,0.158439063585208,4.86311409577026
"81","Zonar",2705,13.953713656498,5053.83678376578,0.536157379052795,6.18947239501413,909.366345466273,0.158239873507414,4.85885648037
"82","Zonar",2778,11.4050159715218,5052.80233484406,0.507346955371016,4.99709520983238,912.619405576879,0.15892317538505,4.88573204127428
"83","Zonar",2974,8.12038556569695,5755.80938308166,0.378124138557772,7.07879375129022,912.107247215745,0.159232304365988,4.87159955750823
"84","Zonar",3169,3.77189424867535,6089.87726986007,0.295824899342968,5.58197214175433,919.402539645888,0.160440751625597,4.92044527756457
"85","Zonar",3364,3.80614253937491,5969.32453139652,0.337882276386051,6.75559443204488,916.365162792063,0.160472892675943,4.88993544446201
"86","Villarquemado",1656,10.3297548475919,4605.21597293701,0.496532981819369,2.55870847724621,912.826552245614,0.159064279769028,4.87412721171335
"87","Villarquemado",2094,12.1286322191183,4538.3609537424,0.496156798841334,2.43022240216779,910.897557774451,0.158401168834491,4.86626168936813
"88","Villarquemado",2239,9.22616570763257,4851.38435857035,0.462910824142655,3.45763391839482,911.030953197236,0.158997936634232,4.87109831378199
"89","Villarquemado",2385,10.8345209736655,4752.02142036421,0.486677556114169,2.62488855202438,909.375353213943,0.158546229851437,4.8657624777957
"90","Villarquemado",2726,5.90264755637747,4554.57050260151,0.517329523238335,4.14369471652681,917.422780709646,0.158972615426184,4.87576749039865
"91","Villarquemado",2872,7.41306901026823,4621.52203248094,0.512510913044786,5.7630086270355,937.730816610341,0.160236615529427,4.91664133414484
"92","Villarquemado",2969,11.0324066899973,4707.49709855626,0.507426367244226,5.41506856628997,950.098478913832,0.161227080268733,4.93443748764411
"93","Villarquemado",3066,6.78168667595469,4435.60630986102,0.520907343690665,5.49239683608344,973.660789808915,0.162973528609255,4.98978700171733
"94","Villarquemado",3163,5.93802920213245,3253.72178880997,0.73780390275034,-0.730625490234369,907.89258695542,0.158135950418804,4.8571576869313
"95","Villarquemado",3309,6.87891251281846,3598.96839092609,0.669283092225128,0.622021111230874,908.771660537703,0.158136888827262,4.85828893221785
"96","Villarquemado",3358,5.17080700933567,3379.02323243295,0.709587216525529,-0.47642627883009,908.207157303433,0.158126792911177,4.85826688033855
"97","Villarquemado",3455,7.74710760257714,3919.59552999277,0.624718269863655,1.78743759747546,910.002019161201,0.158197480364616,4.86019139786759
"98","Villarquemado",3601,8.9512394665477,4018.43090421847,0.610931624836919,1.40004838726086,908.688990155747,0.158173056439846,4.85834295005473
"99","Villarquemado",3844,8.35695383127875,3503.11521362523,0.687777654860103,0.169282971683463,908.483461708971,0.158141970958203,4.85701819968023
"100","Villarquemado",4039,7.32719967993044,3588.59192443842,0.670134541308702,0.404734029478128,908.60308715167,0.158253703748146,4.85983467099692
"101","Villarquemado",4088,7.77268036203734,3464.90679381254,0.697832391857987,0.351818485687167,908.859302839014,0.158125766994767,4.85934258628727
"102","Villarquemado",4233,9.3026221517546,3525.84635796351,0.682954236292351,1.36756819244598,916.469653180337,0.158824875751413,4.87644084137521
"103","Villarquemado",4428,6.5227751023379,3134.6440245955,0.770358537815119,-0.139444459456311,908.770676911596,0.15823469010463,4.85707915554077
"104","Villarquemado",4525,7.82059752757214,3863.08112318628,0.580563955478409,0.0217701062770683,909.747640188345,0.158200734027926,4.86283158369029
"105","Villarquemado",4720,3.32910416917283,3121.34118449354,0.748606955526688,-1.65086446560173,908.157484928948,0.158149850655156,4.85914636233288
"106","Villarquemado",4914,3.89009661374598,3250.28132075206,0.719885723315388,-1.22807715635779,909.027763877825,0.158184913177977,4.86080021601792
"107","Villarquemado",5011,2.96337282278968,3088.88431164113,0.745674995071432,-1.91235938925391,909.513448748038,0.158228130040405,4.86267911959761
"108","Villarquemado",5157,10.6292289921473,4190.38903458057,0.539050241042539,1.97826920417249,920.558382019688,0.158833399099165,4.88843570445569
"109","Villarquemado",5255,12.9187785458129,4167.79011466374,0.547378912368343,2.85360632921625,923.745122745182,0.159048777977215,4.89073901614408
"110","Villarquemado",5352,10.9316058284816,4592.1919586112,0.492668695765363,3.71637968428062,922.200715784264,0.159006871818271,4.88643752896772
"111","Villarquemado",5498,12.6091785421998,3872.38397358079,0.612289253777398,1.6559625199408,912.76334281546,0.158349562630027,4.8698280531535
"112","Villarquemado",5887,8.48988474300202,3936.8053600656,0.616859187301216,1.34360644970278,911.878537171933,0.158550545788168,4.86377151984934
"113","Villarquemado",5935,12.3990164661158,4211.18495834934,0.547262221495691,1.79219974164184,909.081783738369,0.158159301800344,4.8604797365057
"114","Villarquemado",5984,11.7740675737701,4421.73562209501,0.497936111035813,2.12952164553966,909.542811872035,0.158202318805821,4.8619068273709
"115","Villarquemado",6470,8.88450030470225,4215.61545461365,0.528639206869704,1.05788132342332,908.651264567162,0.15829380186614,4.86243091664177
"116","Villarquemado",6568,10.6544816316703,4063.69147274347,0.58088141315505,0.886870202141473,907.903172571215,0.158106193572073,4.85789028661
"117","Villarquemado",6714,10.1435344725987,3880.9042661215,0.604052503356049,0.100552093186182,908.953497516906,0.158251805772862,4.86271889281951
"118","Villarquemado",6811,8.02512292424978,3575.98618743022,0.677300415690685,0.987705246713721,910.852966804346,0.15828699610183,4.86367833073811
"119","Villarquemado",7005,8.00725384648979,3720.56504033588,0.641851663409701,0.901572888416513,918.945497656317,0.158796090945511,4.88100296327331
"120","Villarquemado",7103,12.9958936603054,3657.61887973534,0.674618420874048,1.29010438075284,910.134053735468,0.15844309597295,4.86187749666627
"121","Villarquemado",7200,11.1078081877475,3965.89136330698,0.622715361707287,2.01458524131647,911.620376600407,0.158324621999162,4.86426386983174
"122","Villarquemado",7346,8.03332014229088,3936.61891179997,0.615825531515125,1.21101799606852,911.934654553415,0.158371770570132,4.8635254764497
"123","Villarquemado",7492,13.2401172120465,4148.13906642166,0.575883133157197,2.77517773050205,916.246495910454,0.158575603876181,4.87341975517884
"124","Villarquemado",7638,6.475472404691,3293.62311803858,0.742775304782344,-0.298132065520191,908.575380227244,0.158133137416447,4.85743406384612
"125","Villarquemado",7784,5.21278619361219,3229.09866169431,0.729644953447538,-0.744439302279116,908.663894045725,0.158164955843423,4.85917585860922
"126","Villarquemado",7881,5.39218478862211,3163.69386356469,0.750273985498814,-0.676463887932864,908.091998316316,0.158127194769624,4.85778708046891
"127","Villarquemado",8027,4.6472672390958,2841.59128433148,0.846404209192674,-0.537858356080659,908.461986607062,0.158263160984173,4.8573130078831
"128","Villarquemado",8124,4.77216905215964,2927.48486574748,0.817071711208926,-0.751310760532963,907.986566347279,0.158190799261519,4.85687127141126
"129","Villarquemado",8173,4.90273904813476,3354.24043234676,0.682829044304541,-1.355010493776,909.336200407361,0.158180316641366,4.86149847553618
"130","Villarquemado",8319,6.35975026843365,3371.5922189046,0.712647396827709,0.366468695124344,916.422787813391,0.158710249084196,4.87551735218757
"131","Villarquemado",8465,4.45587276461068,2917.09650147051,0.806327906247841,-1.02816450510637,908.27647351451,0.158168701118185,4.85774286492944
"132","Villarquemado",8562,6.16021864689513,3376.35605950934,0.711576274373146,-0.143037328669587,910.201844115236,0.158298490094784,4.86284411319586
"133","Villarquemado",8660,6.33541787413413,3424.70707986684,0.660629161678494,-1.27020279483471,908.590964178191,0.158210114763119,4.86120195001864
"134","Villarquemado",8854,5.8468786844065,2889.5279196645,0.808091486198024,-0.311677447595098,910.724701485067,0.158369168619659,4.86181974770692
"135","Villarquemado",9195,8.35467450010231,4299.61122060205,0.479981567569862,0.702278304577561,917.730616613564,0.15974585394587,4.88064099195046
"136","Villarquemado",9341,6.91868795346875,4839.53627441536,0.363926005240071,1.08304347480005,916.464464617717,0.15937406427878,4.88062844345381
"137","Villarquemado",9389,7.75523640866525,4876.55954764993,0.313594372107413,0.745724936530836,931.692913603201,0.161887183656582,4.91551719191334
"138","Villarquemado",9438,7.06430014144628,4381.47832163978,0.512147081400117,1.29096649480056,918.354806872688,0.160052666507443,4.87834963713877
"139","Villarquemado",9535,6.49312833482926,4625.37926187692,0.379178154564882,-0.241210075134545,912.09341222564,0.159029542895198,4.87546578565226
"140","Villarquemado",9584,8.72261999624789,4571.96559143993,0.410881297838867,0.328500046695976,914.957980466146,0.159424409872146,4.87521106976698
"141","Villarquemado",9681,8.73300198609034,4861.80342269075,0.401103568360827,2.0904867556474,920.738231581014,0.160249621050197,4.88369365339809
"142","Villarquemado",9827,8.94646708580095,4778.64752834308,0.393275918603026,1.43465360153859,922.97253607579,0.161277188080592,4.89193343619887
"143","Villarquemado",9973,5.62232198279987,3126.25368586047,0.733100909435772,-1.6745880699992,907.722536655259,0.158108285382647,4.85661440178324
"144","Villarquemado",10070,8.53700513271545,4709.99446366346,0.426450230212626,1.8555449012425,925.730573307198,0.161653003465826,4.89658018997554
"145","Villarquemado",10216,7.10044151130738,3373.64721023711,0.703145885408482,-0.404936892917699,907.841383108881,0.158199074634521,4.85654673618354
"146","Villarquemado",10362,8.95831638300602,4836.5954793533,0.435546397261824,2.99312433785144,921.763268926693,0.160592830200078,4.88342196710173
"147","Villarquemado",10508,6.58910331521693,3332.09810652616,0.703064060976446,-0.837359032751534,907.722127969147,0.15817036306685,4.8567593515494
"148","Villarquemado",10654,7.25644093168797,4945.68260164242,0.36758818567299,1.77108293740277,917.127767108322,0.15972145151223,4.87628091651636
"149","Villarquemado",10751,9.25335239347415,3464.35760365457,0.684842545826251,0.483310179536181,908.793268599277,0.158184311902454,4.85744168433001
"150","Villarquemado",10848,8.05606421800838,4342.16700280793,0.463691942787303,-0.340345207984648,914.210873013616,0.159276085501761,4.87240307935806
"151","Villarquemado",10945,7.12242591313162,2877.63576675325,0.803111177018633,-1.45489629356659,908.870674062087,0.158347999448567,4.85975723797712
"152","Villarquemado",11140,6.17256518537468,2870.66104305217,0.82587877991213,-1.21856729458874,908.1960777522,0.158253882517871,4.85781093340241
"153","Villarquemado",11237,5.53360881088924,2672.84901321883,0.814823873135177,-2.72390525825832,909.957311714137,0.158460783567651,4.86256933809168
"154","Villarquemado",11383,9.68660580973651,3044.50026996799,0.781800933410961,-0.311879287684968,909.100942627167,0.158355878291225,4.86051529293611
"155","Villarquemado",11481,6.54140272553854,2550.72234441446,0.841399366088696,-2.3194070172975,912.704184717852,0.158895345286952,4.87286197233597
"156","Villarquemado",11578,9.30013251093507,3316.73980900814,0.676964301166483,-1.23653830232031,909.864618725092,0.158385469379117,4.86251603737078
"157","Villarquemado",11675,7.54773053540665,2825.11601037871,0.823494080021817,-0.937546288230089,910.117752017635,0.158528801239093,4.86390783733539
"158","El Portalet",5331,11.676699753258,3354.84555585821,0.745245981233563,-1.3327787922815,908.90414217761,0.158105651046682,4.86162430048293
"159","El Portalet",5426,12.4620984530542,2985.67229558023,0.826931196572239,-2.8498796353501,908.298263831536,0.158128945720121,4.86582345024601
"160","El Portalet",5458,12.0269892250845,2725.8442144317,0.881577812385526,-2.45196289079172,908.705010582052,0.158249615235168,4.85999557354128
"161","El Portalet",5521,11.589159185878,2824.13382283568,0.864693653971617,-1.07233503659728,911.0785381841,0.158790505478388,4.86947957098621
"162","El Portalet",5577,14.272010550287,3053.61837088151,0.840940023900882,-0.767372318455217,908.467487817053,0.158226760830547,4.85927585593613
"163","El Portalet",5616,15.786737491231,3122.362305071,0.827645317445313,-0.309146544889248,908.848093266778,0.158256479561413,4.86124443295188
"164","El Portalet",5672,11.7341350273386,2904.24212103602,0.867324184589263,-0.242571461044924,908.55812998285,0.158282070221455,4.86027736022676
"165","El Portalet",5711,17.1310749223798,3181.25494963313,0.800943829056162,-0.241630876705369,909.497711897384,0.158447609730468,4.86373746701226
"166","El Portalet",5768,14.4269796133595,3230.79091012175,0.810342455974558,-0.0406985652071784,909.3394219357,0.158300348565322,4.86235782142327
"167","El Portalet",5810,14.4574202417926,2866.70932559151,0.867666187706984,-0.961025545595953,908.967367314037,0.158341182606122,4.86154855619327
"168","El Portalet",5835,17.6839419131507,3593.56476127675,0.735729222715629,0.575936996016421,909.364183631112,0.158143540041814,4.86227164097545
"169","El Portalet",5952,13.3614596400915,2874.42107103834,0.856657756314113,-1.50719312188782,909.369608197037,0.158404435870804,4.86184996625308
"170","El Portalet",6027,16.8035599890058,3247.73366920113,0.813078508804976,0.770934746479914,910.482161831342,0.158752374744572,4.86717102221314
"171","El Portalet",6035,10.9439813999402,2914.8375429998,0.879278075307966,-0.0849102031308511,911.498635147558,0.158830114267774,4.8707219754323
"172","El Portalet",6043,9.33848442760009,2729.68952620956,0.920915161463672,-0.343926120034059,911.548431900996,0.158838345295509,4.8713033974919
"173","El Portalet",6051,9.46037060003777,2776.98188836151,0.911371831602436,-0.283213321673101,911.752621090555,0.158861587837757,4.87169632828059
"174","El Portalet",6059,9.65537389122109,3032.20097850186,0.873329838318002,0.925184927724357,912.561959113836,0.158927580843524,4.87323628557912
"175","El Portalet",6067,10.1613950820685,2979.60927444384,0.889936460090089,0.648197273621523,912.410934019729,0.158796416736859,4.87135324585972
"176","El Portalet",6075,11.0994980348826,3079.47930033448,0.843420288375766,0.706055937852215,911.486623359423,0.158634629756097,4.86962030106427
"177","El Portalet",6086,21.4762678083354,3322.82176659576,0.788567111060274,0.636554045739175,912.204417827262,0.158406540532128,4.87219585723196
"178","El Portalet",6093,10.8144218099788,3003.84021466387,0.870510436995651,0.568070714094189,911.490154359236,0.158569457011399,4.86853971869762
"179","El Portalet",6100,10.4024435461734,2964.98291862307,0.866326241115842,0.286966739023107,911.506926022156,0.15856599541766,4.86836866882037
"180","El Portalet",6107,10.414325172143,2820.44590009151,0.889100491252454,-0.0182575785049252,910.874812186556,0.158582550740278,4.86778318121667
"181","El Portalet",6114,10.4036074394591,2850.01028580165,0.882724666206771,-0.309114767782213,910.799325373579,0.158509185472149,4.86762997298041
"182","El Portalet",6121,10.1568323610318,2845.13997470766,0.881058238763394,-0.366704886052853,911.216429961321,0.158497996392833,4.86782801929612
"183","El Portalet",6128,10.4332697014087,2943.86760397548,0.844727767543212,-0.290760130437392,910.844439774863,0.158548899021828,4.86685426169652
"184","El Portalet",6135,10.0435647679378,2867.00929792996,0.870436798377091,-0.515944062235153,911.121405741222,0.158578237503892,4.86795893834366
"185","El Portalet",6145,18.2557277464845,2925.03357254602,0.826928838672232,-1.21060657071096,911.908184713372,0.158621194855321,4.87263732743214
"186","El Portalet",6154,9.16941496252901,2618.39147095025,0.907867380129661,-1.49711887191996,911.499822066378,0.158574659973514,4.86967918711142
"187","El Portalet",6163,9.26553413332877,2811.59466626414,0.874201093135684,-0.684515486140039,912.013827924221,0.158688731368112,4.8706731598188
"188","El Portalet",6172,8.93848078579615,2723.69055198415,0.895836245577978,-0.807518175177889,911.485903075393,0.158574954515995,4.86951054441867
"189","El Portalet",6181,8.63148415877176,2699.54972845881,0.904063389387945,-0.911237439651812,911.783940384419,0.158625033157081,4.87080095598692
"190","El Portalet",6190,8.21936794747001,2734.57281935443,0.892639236385883,-0.787202341043397,911.501969234466,0.158647667180795,4.86915554006498
"191","El Portalet",6199,8.85116683354785,2731.97790052024,0.894947237190363,-0.673935459462888,911.122495557617,0.158531146139678,4.86788348403591
"192","El Portalet",6208,9.482524297939,2787.31751074623,0.8870240190137,-0.763856471269437,911.079988968967,0.158544222369855,4.86797004956153
"193","El Portalet",6217,7.78669815501902,2650.17879903405,0.915080895284518,-0.865633834262364,911.464482726805,0.158625280923247,4.87070242221223
"194","El Portalet",6226,7.90601717356474,2639.89386404236,0.927614667316602,-0.754529386689217,911.391771335493,0.15859515187738,4.8702375593536
"195","El Portalet",6236,15.9100104737218,3053.71906929322,0.8430998375183,-0.366958965176585,912.14619825997,0.158463228507705,4.87195301914212
"196","El Portalet",6251,8.40648933452549,2795.26489650856,0.912258869082739,-0.0532187192245144,911.216233389561,0.15856927576675,4.86855137852304
"197","El Portalet",6266,10.3508351319623,2939.51993582768,0.869506295736896,-0.424098316947585,910.397934029864,0.158407198062981,4.86449711505795
"198","El Portalet",6281,9.93587805401825,2798.39065148928,0.898436937560946,-0.98439916353983,909.968201784214,0.158403208639276,4.86314183471699
"199","El Portalet",6296,11.287225185113,3044.59797842832,0.85114874397169,-0.67540330699268,909.891439037259,0.158343614601425,4.86290379916306
"200","El Portalet",6309,16.5635824434261,2843.33693971232,0.885379422755289,-1.6162471003112,909.447865338009,0.158375720621766,4.86256682189954
"201","El Portalet",6332,10.3149866219275,2851.00274134277,0.87779715008287,-1.6138802404089,910.379978983182,0.158497575707707,4.86433146515459
"202","El Portalet",6355,9.38214328804808,2786.98877474718,0.875222900857419,-1.79937471691594,911.647803471632,0.158716980011538,4.86911321073333
"203","El Portalet",6378,9.72660197396056,2815.1763303233,0.859499372005146,-1.83245321010745,911.548657756536,0.158778527351606,4.86924483552359
"204","El Portalet",6401,13.1938808347641,2756.79035976653,0.86714244178067,-1.6261995658258,911.062842173725,0.158716721418936,4.86765744110366
"205","El Portalet",6427,11.2635645254283,2921.90067403038,0.836572787943283,-1.54241029607903,910.07181878792,0.15848453827231,4.86430994069696
"206","El Portalet",6453,16.2125321304998,3472.47556467905,0.782986836902304,0.10347995375914,908.433225615908,0.158234140804087,4.85892956392363
"207","El Portalet",6479,19.7025796112049,3023.94707354508,0.862115564698705,-1.2411775166755,908.511742658514,0.158173055610234,4.86034712151283
"208","El Portalet",6497,11.0420532156766,3030.00597565191,0.864234468336847,-0.821851033094882,908.896207650766,0.15820581971465,4.86130254888215
"209","El Portalet",6515,12.2880374467328,3154.84042546264,0.833863756081254,-0.391405381579125,908.685782480851,0.158197943735982,4.85988492560426
"210","El Portalet",6533,11.890467902515,3051.29669087719,0.854426147272268,-0.426228677843598,909.232855577319,0.15826556915713,4.86361576608445
"211","El Portalet",6551,12.494484180499,3351.11015822926,0.797689254198034,0.141338494218045,909.63503841694,0.158183099065199,4.86525170189009
"212","El Portalet",6572,18.4950881339558,3426.50678020856,0.770283611086036,-0.230335744840915,909.002179605019,0.158157972487234,4.86214863656278
"213","El Portalet",6589,11.5185040870626,3292.9442597851,0.78885377628585,-0.493661236547203,909.415542392878,0.158202755729755,4.86380063614636
"214","El Portalet",6606,11.477290472317,3255.86193823541,0.79317239770323,-0.625701988330513,909.184520790981,0.158172392243585,4.86282442564112
"215","El Portalet",6623,12.1902420003153,3333.07289175376,0.788048894841165,-0.478188451542794,909.186931542301,0.158147392113781,4.86344872448293
"216","El Portalet",6640,11.8303418899998,3300.81984612317,0.79462881198604,-0.317683480559279,908.60715359576,0.158121590825428,4.85954385230824
"217","El Portalet",6657,11.4237249729241,3370.28284722863,0.796397698824229,-0.425809039871552,908.574973439955,0.158145236212071,4.8589907058705
"218","El Portalet",6674,12.2939730832495,3403.76411986728,0.786452696360893,-0.492092317189632,909.010090657637,0.158126733850166,4.86184896147054
"219","El Portalet",6691,11.4539035408637,3440.37606254557,0.78385631900081,-0.615518666640152,908.73278100266,0.158126025064187,4.86064620073977
"220","El Portalet",6708,12.0348346817794,3378.27301932084,0.790466594390649,-1.25925487356929,908.654999265305,0.158140234077746,4.86041468561206
"221","El Portalet",6725,13.5459325832739,3076.84800854209,0.846046571710549,-2.3519622790107,908.758331886681,0.158191269402993,4.86586342149326
"222","El Portalet",6742,14.0246060242609,3208.79248545952,0.842080196445531,-1.10883785976452,908.292155664089,0.158128755514502,4.85735177100245
"223","El Portalet",6759,13.3381248633353,3260.43532599782,0.818474215898629,-1.1426013857537,908.429878138166,0.158201423149986,4.857898701092
"224","El Portalet",6780,20.5455520132995,3288.27849562629,0.815388069506574,-1.00299597054156,908.651657550431,0.158242751217548,4.8584690059021
"225","El Portalet",6799,13.6366597848866,3178.44379104579,0.840594772014026,-1.59178129409753,908.577072695549,0.158205572785107,4.85903218305572
"226","El Portalet",6818,13.0803049420172,3293.14079166247,0.819953009191312,-0.559056298096414,908.912051195008,0.158275890879935,4.85911345166161
"227","El Portalet",6837,12.9442566920285,3137.61375382092,0.841009878514547,-1.17099884614246,908.880207194187,0.158211848632765,4.86135755636874
"228","El Portalet",6856,11.4325061474237,2940.72588127301,0.872965617295999,-1.24317789407241,908.671171674213,0.158239143913893,4.85955649477999
"229","El Portalet",6875,13.610180563616,3238.27827489225,0.822918434703679,-0.375133945497519,909.440676214806,0.158295065685798,4.86314100385877
"230","El Portalet",6894,20.4394442619525,3150.96732381855,0.836780109358019,-0.303494380622772,909.861099108508,0.158428009200182,4.86843910829201
"231","El Portalet",6915,10.8100212569267,2819.72804488772,0.873562782644018,-1.84996128286411,909.804144080528,0.158343730779872,4.86649398330608
"232","El Portalet",6936,12.1631228049668,2930.51423397996,0.8632077833279,-1.62866291820623,909.836581819745,0.158386669700179,4.86480934767962
"233","El Portalet",6957,10.1316213466149,2819.39695682608,0.877066989867458,-2.38539579694287,909.79602760834,0.158385561826041,4.86426418033169
"234","El Portalet",6978,9.86725214921879,2910.89138794072,0.857576145850425,-2.77796757619115,910.67712848491,0.158483298506362,4.86861567403266
"235","El Portalet",6999,10.2341160480888,2934.03852895653,0.85305403457008,-2.75710318427234,910.16823307031,0.158391631027879,4.86629472830311
"236","El Portalet",7020,10.4653147054538,2963.44112104715,0.843000315003285,-2.91520057980884,910.024856540063,0.158365955066363,4.8650005675602
"237","El Portalet",7041,10.43541845043,2942.64018391021,0.852157997188341,-2.95552299618981,909.810405933102,0.158366534832664,4.86386439228047
"238","El Portalet",7062,11.4718628986884,2999.22842183479,0.854064399187919,-2.53999991960806,910.08041304659,0.158463732465924,4.86576584773764
"239","El Portalet",7080,14.9612469941469,3088.1199025082,0.827389183337917,-2.37839423612285,909.942104243196,0.158520626150088,4.86845982446699
"240","El Portalet",7103,10.9486061901103,2887.54170922902,0.866199342970531,-3.0371489251558,909.901854077702,0.158386264339348,4.86402563160376
"241","El Portalet",7126,13.5130481219608,2986.87453094986,0.859770818075209,-2.57168240916431,910.185977863218,0.158473410963913,4.86466997849711
"242","El Portalet",7149,13.7763084633403,3077.0281621328,0.852332977404061,-1.862189298535,909.782141848103,0.158342168189844,4.86453185483413
"243","El Portalet",7172,14.750651594107,3361.8187822049,0.808958515750218,-0.264705498283261,909.558098635833,0.158248048426194,4.86272898889567
"244","El Portalet",7196,18.3710947495588,3580.30286925514,0.768671699616461,1.51207327915114,909.641918728169,0.158253303991744,4.8630541063761
"245","El Portalet",7213,12.0522720087145,3369.79899488819,0.794281968122112,0.239232565671349,909.856015335904,0.158264977916878,4.8655674865286
"246","El Portalet",7230,14.0055358660909,3378.58349676678,0.799755676961339,-0.24589115687686,910.197251325769,0.158288609554813,4.86658181829341
"247","El Portalet",7247,11.9664963692933,3237.55314094133,0.782344174001827,-1.67868645228997,909.518124682935,0.158215370359734,4.86357485535371
"248","El Portalet",7264,11.7802245627949,3282.82082442452,0.779620444615243,-1.19605692913213,909.04164844346,0.1581731375527,4.86129950055454
"249","El Portalet",7281,11.0005825924587,3140.98775722019,0.825308438894105,-1.77818317107454,908.783684304116,0.158149164259641,4.86002363986792
"250","El Portalet",7298,11.9048172606093,3194.005577935,0.821440576245677,-1.82212355848407,908.335601777927,0.158146410464576,4.85814546552218
"251","El Portalet",7315,10.6011149155445,3149.51002532312,0.832960633873954,-2.40094844841019,908.424849164163,0.15819466884258,4.85818521666194
"252","El Portalet",7332,10.4079618106526,2895.16573154259,0.856800197152621,-4.50597257628538,907.922604416569,0.158125781979192,4.8578693295464
"253","El Portalet",7349,10.356933053656,2926.38430438943,0.853175467315128,-4.40082124347093,908.229303677391,0.158139478939358,4.85830483624918
"254","El Portalet",7366,10.7311825744715,2955.83216035474,0.860000134291555,-4.15834336768089,908.260051694184,0.158161772490464,4.85815033000382
"255","El Portalet",7383,10.0041710449111,3059.09777639744,0.837656944454456,-4.47974029876226,908.654548394402,0.158239668376691,4.85949061510148
"256","El Portalet",7404,13.6895432240523,3019.57068138144,0.833152080919152,-3.90496727977779,908.536969920101,0.158259297462378,4.85903058932695
"257","El Portalet",7549,8.70389986840792,3042.00068206603,0.834098557229899,-4.16586567808391,908.72264593804,0.158235420931597,4.86006929872015
"258","El Portalet",7554,8.5393084807103,3051.22137607864,0.83544197895336,-3.72334917602398,908.670287715272,0.158250847740073,4.85929636661549
"259","El Portalet",7559,8.53366998016268,2988.84237420108,0.845831580018034,-3.92357835024636,908.107836157231,0.158122273040152,4.85831790590863
"260","El Portalet",7564,8.05116942971842,2980.0256225827,0.851077084975627,-3.63668318419652,908.054834024424,0.158142463201935,4.85787281406607
"261","El Portalet",7569,8.51731137801938,3063.06525123639,0.833792979796296,-3.61324380189096,908.093215615563,0.158127849159952,4.85845956141673
"262","El Portalet",7574,8.58034066212572,2982.18734567317,0.851412701069786,-3.47536897051652,907.843759170614,0.158080469424505,4.85697483938901
"263","El Portalet",7579,9.70614783927275,3113.49303248632,0.837828038236179,-2.8386252282672,907.8711320991,0.158101684565868,4.85676518544776
"264","El Portalet",7587,16.1183023835581,3253.8597921404,0.802934837430617,-1.88870482486988,908.328411619624,0.158184913471695,4.85803393017943
"265","El Portalet",7606,10.295137108245,3116.66662439989,0.829348829680853,-2.96094289911298,908.195567810223,0.158112470196873,4.85825492488331
"266","El Portalet",7626,10.6941408716176,3200.24906374157,0.814911836489068,-2.75422930168725,908.440949962017,0.158237368429143,4.85905870702482
"267","El Portalet",7645,9.06321484109185,3061.65604225878,0.833147769404036,-3.43250001023956,908.235773047339,0.158132448192615,4.85943278698297
"268","El Portalet",7655,10.2527593046649,3029.01701226843,0.843932458416747,-3.41680811518368,908.290574167084,0.158155085251666,4.8595223172616
"269","El Portalet",7664,9.23674994743778,3038.16553691305,0.843540537411895,-3.03891382104958,908.172800023197,0.158151301223089,4.85852545616075
"270","El Portalet",7684,9.62995407101477,3089.02209526281,0.833743228286497,-3.05250243920854,908.461440456962,0.158166524885628,4.86021023384659
"271","El Portalet",7703,10.0247333068305,3138.41733853427,0.811903351445377,-3.21331442492213,908.721025403033,0.158203431768716,4.86116522633411
"272","El Portalet",7722,9.79179603737549,3151.97806314509,0.810056211375835,-3.02787494604461,908.650303232973,0.158201152205958,4.86036657322052
"273","El Portalet",7780,10.1202221223513,3155.92256492814,0.810547332915613,-3.15449547908576,908.651849995814,0.158197777535046,4.8610994615627
"274","El Portalet",7800,9.82812501146749,3142.51067778062,0.813510229720044,-3.28341465138003,908.66850811839,0.158196096642118,4.86165744276448
"275","El Portalet",7819,12.3279639060579,3192.93672101339,0.799015127434439,-3.20427045074724,908.822070267075,0.158232318516257,4.86138486843215
"276","El Portalet",7838,9.48614369883555,3127.55292439546,0.823779803359774,-2.78764419810369,909.04544521351,0.158247765970511,4.86260109619992
"277","El Portalet",7890,10.009927946534,3161.79961883355,0.809921791131342,-3.20165944236257,909.073062017828,0.15826659012561,4.86308940333955
"278","El Portalet",7907,9.31477142922201,3062.46381756115,0.83567835334159,-3.3989395976195,908.988270850499,0.158234918417329,4.86321711902408
"279","El Portalet",7931,8.99522878696539,3040.75562706169,0.829454275561453,-3.94145918853811,908.77607224278,0.158195120714489,4.86304899124617
"280","El Portalet",7955,10.255434542523,3026.6334747269,0.839895716695775,-3.8387081807443,908.78651575177,0.158180469969294,4.86216299284081
"281","El Portalet",7979,9.87099583766755,2952.1174727606,0.84877150773404,-3.5972540908388,908.470821864773,0.158152838497671,4.85885732972757
"282","El Portalet",8003,12.4212931373925,2981.0561030434,0.840102892174124,-2.93742765263197,908.341223876377,0.158176196210507,4.85756500878197
"283","El Portalet",8020,9.06333822263704,2947.40709405999,0.84909864161715,-3.50709193186202,908.480145272521,0.158162239289086,4.85823721336111
"284","El Portalet",8037,8.61592668153602,2770.63352208169,0.878599111985164,-4.33275830797303,908.255142508992,0.158118033484929,4.85831002755345
"285","El Portalet",8054,7.89021120278334,2814.35147675217,0.867675169783253,-4.44477870237274,908.172710384697,0.158131230355763,4.85877492082796
"286","El Portalet",8071,7.53249977230093,2853.33200678474,0.868030206487467,-4.2320387338431,908.465552269637,0.158153618781643,4.86058266125108
"287","El Portalet",8088,7.26817262954091,2911.35432788305,0.851812684682383,-4.45114968796847,908.766052052711,0.15815756342862,4.86181072431774
"288","El Portalet",8105,7.16788081738059,2973.16813777002,0.846348945616706,-4.38956270004407,908.873480057566,0.158186582428446,4.86297581206914
"289","El Portalet",8122,7.71809116871586,2819.45547681811,0.872976140913326,-4.74940623554493,908.647350443924,0.158197433837187,4.86239257018942
"290","El Portalet",8139,6.17589910785393,2798.00168288393,0.88284289120622,-4.66942146974661,908.470124143184,0.158171446435814,4.86122439121455
"291","El Portalet",8156,1,NA,NA,NA,NA,NA,NA
"292","El Portalet",8173,1,NA,NA,NA,NA,NA,NA
"293","El Portalet",8190,1,NA,NA,NA,NA,NA,NA
"294","El Portalet",8211,1,NA,NA,NA,NA,NA,NA
"295","El Portalet",8230,1,NA,NA,NA,NA,NA,NA
"296","El Portalet",8249,1,NA,NA,NA,NA,NA,NA
"297","El Portalet",8268,1,NA,NA,NA,NA,NA,NA
"298","El Portalet",8287,1,NA,NA,NA,NA,NA,NA
"299","El Portalet",8306,1,NA,NA,NA,NA,NA,NA
"300","El Portalet",8325,1,NA,NA,NA,NA,NA,NA
"301","El Portalet",8344,1,NA,NA,NA,NA,NA,NA
"302","El Portalet",8363,1,NA,NA,NA,NA,NA,NA
"303","El Portalet",8382,1,NA,NA,NA,NA,NA,NA
"304","El Portalet",8401,1,NA,NA,NA,NA,NA,NA
"305","El Portalet",8419,1,NA,NA,NA,NA,NA,NA
"306","El Portalet",8436,1,NA,NA,NA,NA,NA,NA
"307","El Portalet",8453,1,NA,NA,NA,NA,NA,NA
"308","El Portalet",8470,1,NA,NA,NA,NA,NA,NA
"309","El Portalet",8487,1,NA,NA,NA,NA,NA,NA
"310","El Portalet",8504,1,NA,NA,NA,NA,NA,NA
"311","El Portalet",8521,1,NA,NA,NA,NA,NA,NA
"312","El Portalet",8535,1,NA,NA,NA,NA,NA,NA
"313","El Portalet",8553,1,NA,NA,NA,NA,NA,NA
"314","El Portalet",8571,1,NA,NA,NA,NA,NA,NA
"315","El Portalet",8589,1,NA,NA,NA,NA,NA,NA
"316","El Portalet",8607,1,NA,NA,NA,NA,NA,NA
"317","El Portalet",8625,1,NA,NA,NA,NA,NA,NA
"318","El Portalet",8643,1,NA,NA,NA,NA,NA,NA
"319","El Portalet",8661,1,NA,NA,NA,NA,NA,NA
"320","El Portalet",8679,1,NA,NA,NA,NA,NA,NA
"321","El Portalet",8699,1,NA,NA,NA,NA,NA,NA
"322","El Portalet",8730,1,NA,NA,NA,NA,NA,NA
"323","El Portalet",8760,1,NA,NA,NA,NA,NA,NA
"324","El Portalet",8791,1,NA,NA,NA,NA,NA,NA
"325","El Portalet",8821,1,NA,NA,NA,NA,NA,NA
"326","El Portalet",8852,1,NA,NA,NA,NA,NA,NA
"327","El Portalet",8883,1,NA,NA,NA,NA,NA,NA
"328","El Portalet",8913,1,NA,NA,NA,NA,NA,NA
"329","El Portalet",8944,1,NA,NA,NA,NA,NA,NA
"330","El Portalet",8975,1,NA,NA,NA,NA,NA,NA
"331","El Portalet",9005,1,NA,NA,NA,NA,NA,NA
"332","El Portalet",9036,1,NA,NA,NA,NA,NA,NA
"333","El Portalet",9066,1,NA,NA,NA,NA,NA,NA
"334","El Portalet",9097,1,NA,NA,NA,NA,NA,NA
"335","El Portalet",9128,1,NA,NA,NA,NA,NA,NA
"336","El Portalet",9158,1,NA,NA,NA,NA,NA,NA
"337","El Portalet",9189,1,NA,NA,NA,NA,NA,NA
"338","El Portalet",9219,1,NA,NA,NA,NA,NA,NA
"339","El Portalet",9250,1,NA,NA,NA,NA,NA,NA
"340","El Portalet",9281,1,NA,NA,NA,NA,NA,NA
"341","El Portalet",9311,1,NA,NA,NA,NA,NA,NA
"342","El Portalet",9342,1,NA,NA,NA,NA,NA,NA
"343","El Portalet",9373,1,NA,NA,NA,NA,NA,NA
"344","El Portalet",9403,1,NA,NA,NA,NA,NA,NA
"345","El Portalet",9434,1,NA,NA,NA,NA,NA,NA
"346","El Portalet",9464,1,NA,NA,NA,NA,NA,NA
"347","El Portalet",9495,1,NA,NA,NA,NA,NA,NA
"348","El Portalet",9526,1,NA,NA,NA,NA,NA,NA
"349","El Portalet",9556,1,NA,NA,NA,NA,NA,NA
"350","El Portalet",9587,1,NA,NA,NA,NA,NA,NA
"351","El Portalet",9617,1,NA,NA,NA,NA,NA,NA
"352","El Portalet",9648,1,NA,NA,NA,NA,NA,NA
"353","El Portalet",9679,1,NA,NA,NA,NA,NA,NA
"354","El Portalet",9709,1,NA,NA,NA,NA,NA,NA
"355","El Portalet",9740,1,NA,NA,NA,NA,NA,NA
"356","El Portalet",9771,1,NA,NA,NA,NA,NA,NA
"357","El Portalet",9801,1,NA,NA,NA,NA,NA,NA
"358","El Portalet",9832,1,NA,NA,NA,NA,NA,NA
"359","El Portalet",9862,1,NA,NA,NA,NA,NA,NA
"360","El Portalet",9893,1,NA,NA,NA,NA,NA,NA
"361","El Portalet",9526,1,NA,NA,NA,NA,NA,NA
"362","El Portalet",9556,1,NA,NA,NA,NA,NA,NA
"363","El Portalet",9587,1,NA,NA,NA,NA,NA,NA
"364","El Portalet",9617,1,NA,NA,NA,NA,NA,NA
"365","El Portalet",11500,1,NA,NA,NA,NA,NA,NA
"366","El Portalet",12500,1,NA,NA,NA,NA,NA,NA
"367","El Portalet",12575,1,NA,NA,NA,NA,NA,NA
"368","El Portalet",12650,1,NA,NA,NA,NA,NA,NA
"369","El Portalet",12651,1,NA,NA,NA,NA,NA,NA
"370","El Portalet",12726,1,NA,NA,NA,NA,NA,NA
"371","El Portalet",12751,1,NA,NA,NA,NA,NA,NA
"372","El Portalet",12753,1,NA,NA,NA,NA,NA,NA
"373","El Portalet",12799,1,NA,NA,NA,NA,NA,NA
"374","El Portalet",12847,1,NA,NA,NA,NA,NA,NA
"375","El Portalet",12864,1,NA,NA,NA,NA,NA,NA
"376","El Portalet",12866,1,NA,NA,NA,NA,NA,NA
"377","El Portalet",12887,1,NA,NA,NA,NA,NA,NA
"378","El Portalet",12888,1,NA,NA,NA,NA,NA,NA
"379","El Portalet",12889,1,NA,NA,NA,NA,NA,NA
"380","El Portalet",12990,1,NA,NA,NA,NA,NA,NA
"381","El Portalet",13003,1,NA,NA,NA,NA,NA,NA
"382","El Portalet",13016,1,NA,NA,NA,NA,NA,NA
"383","El Portalet",13029,1,NA,NA,NA,NA,NA,NA
"384","El Portalet",13042,1,NA,NA,NA,NA,NA,NA
"385","El Portalet",13055,1,NA,NA,NA,NA,NA,NA
"386","El Portalet",13066,1,NA,NA,NA,NA,NA,NA
"387","El Portalet",13077,1,NA,NA,NA,NA,NA,NA
"388","El Portalet",13088,1,NA,NA,NA,NA,NA,NA
"389","El Portalet",13099,1,NA,NA,NA,NA,NA,NA
"390","El Portalet",13110,1,NA,NA,NA,NA,NA,NA
"391","El Portalet",13121,1,NA,NA,NA,NA,NA,NA
"392","El Portalet",13131,1,NA,NA,NA,NA,NA,NA
"393","El Portalet",13194,1,NA,NA,NA,NA,NA,NA
"394","El Portalet",13398,1,NA,NA,NA,NA,NA,NA
"395","El Portalet",13458,1,NA,NA,NA,NA,NA,NA
"396","El Portalet",13856,1,NA,NA,NA,NA,NA,NA
"397","El Portalet",13913,1,NA,NA,NA,NA,NA,NA
"398","El Portalet",13970,1,NA,NA,NA,NA,NA,NA
"399","El Portalet",14027,1,NA,NA,NA,NA,NA,NA
"400","El Portalet",14141,1,NA,NA,NA,NA,NA,NA
"401","El Portalet",14198,1,NA,NA,NA,NA,NA,NA
"402","El Portalet",14254,1,NA,NA,NA,NA,NA,NA
"403","El Portalet",14311,1,NA,NA,NA,NA,NA,NA
"404","El Portalet",14425,1,NA,NA,NA,NA,NA,NA
"405","El Portalet",14482,1,NA,NA,NA,NA,NA,NA
"406","El Portalet",14539,1,NA,NA,NA,NA,NA,NA
"407","El Portalet",14596,1,NA,NA,NA,NA,NA,NA
"408","El Portalet",14653,1,NA,NA,NA,NA,NA,NA
"409","El Portalet",14710,1,NA,NA,NA,NA,NA,NA
"410","El Portalet",14766,1,NA,NA,NA,NA,NA,NA
"411","El Portalet",14823,1,NA,NA,NA,NA,NA,NA
"412","El Portalet",14880,1,NA,NA,NA,NA,NA,NA
"413","Basa de la Mora",1,11.1569073726439,3608.50562896285,0.69816110873917,0.825902063503538,908.355194648485,0.158123373979981,4.85645830918405
"414","Basa de la Mora",19,8.60025421482052,3626.25206365971,0.691532262016495,0.438120272765989,907.698548932996,0.158091306653478,4.85612966069536
"415","Basa de la Mora",65,17.4808164782241,4231.95784468982,0.584328275367709,2.95330589730704,908.556045967783,0.158202298407197,4.85825547408171
"416","Basa de la Mora",71,16.7908693860661,4382.57447305295,0.581911270585229,2.97008675440238,908.750291047105,0.158224091446466,4.85911818903571
"417","Basa de la Mora",98,8.79131031149655,3561.95328415549,0.714837301098457,0.179905369767326,907.933449606374,0.158117210907421,4.85659466143067
"418","Basa de la Mora",277,10.0005381753138,3505.31452154395,0.699334333610472,-0.255855189260073,908.217482644931,0.158127298714635,4.85625765661314
"419","Basa de la Mora",426,18.3768227257681,4242.67859600564,0.609840264367254,3.2769426194682,908.782894950386,0.158216390675796,4.85773750713767
"420","Basa de la Mora",522,11.1172042290779,3754.21939864194,0.650587726944104,0.72753331949134,908.116495197533,0.158096657841476,4.85552169032886
"421","Basa de la Mora",595,12.3216342577591,3564.49089729944,0.65699771080568,-0.710518197815618,908.876965199085,0.15810219343923,4.85845170448445
"422","Basa de la Mora",668,14.3325607485177,3680.80674564256,0.637511349196424,-0.376515707137339,908.848848405533,0.158097168137419,4.85790521199708
"423","Basa de la Mora",742,13.2024717329919,3694.7016040455,0.650850980928045,-0.577739122674187,908.23388392582,0.158090384085089,4.85713341243871
"424","Basa de la Mora",815,10.0393332878069,3551.05501109678,0.61816501162304,-1.88789696364859,908.365154780909,0.158127545429014,4.85997170184208
"425","Basa de la Mora",888,11.8672167388816,3537.86345538915,0.665765702159569,-0.450961231562048,908.285536991845,0.158110537779158,4.85603558861827
"426","Basa de la Mora",961,18.534059224308,3472.01938436572,0.688484495917641,-0.358254143739509,908.845455884113,0.158163282056231,4.85866777114882
"427","Basa de la Mora",1034,12.0305510357548,3462.23031269015,0.682666728145433,-1.55446173553041,908.383167616089,0.158097649592361,4.85662796713428
"428","Basa de la Mora",1108,15.6395153198098,3315.74299716544,0.730805462977684,-0.515966310707728,908.688535467542,0.158146503331177,4.85741900448608
"429","Basa de la Mora",1181,21.2090092434489,3490.54926788373,0.706459422164074,-0.38516958759528,909.201745533964,0.158157669769298,4.858110472033
"430","Basa de la Mora",1254,14.5503220323982,3401.85989195724,0.674700366183587,-1.6267359513415,910.301229268018,0.158274793527616,4.8653973205298
"431","Basa de la Mora",1385,15.8503596311892,3544.01131412741,0.662570536292642,-0.18482916229053,909.455395231078,0.15834984002313,4.86345983129128
"432","Basa de la Mora",1521,13.5107407116215,3442.72126737291,0.700927718973648,-0.504409863880085,908.929870822451,0.158206512207941,4.85956868652124
"433","Basa de la Mora",1657,14.3983744858492,3489.07746564756,0.681902467902653,0.251766677287623,910.99484446218,0.158389714468173,4.86344652707567
"434","Basa de la Mora",1745,12.7932742578148,3439.80951568944,0.69019405129662,-0.835657630261763,908.190446306965,0.158094100686264,4.85616635457298
"435","Basa de la Mora",1882,12.7507037695387,3492.97333828105,0.709969779480594,0.345880332164043,908.794339350565,0.158163019867914,4.85856017666446
"436","Basa de la Mora",2018,12.080997006871,3620.94783787449,0.672897875039507,1.07136707560483,909.921935059379,0.158273081204831,4.85947883064212
"437","Basa de la Mora",2176,14.0964308720533,3504.02070264932,0.668341559864074,-0.43516855096411,910.344215824337,0.158266825002205,4.86212871482548
"438","Basa de la Mora",2350,14.4060450376312,3451.63181876496,0.703216369914447,-0.972855598764529,908.403956673534,0.158138022691935,4.85761248822067
"439","Basa de la Mora",2523,14.9775567728701,3612.60019177775,0.662134335165744,-0.368024586107493,909.124143989746,0.158151111171341,4.85870110959945
"440","Basa de la Mora",2697,11.7053540493179,3547.98600448847,0.656001046444543,-1.19432134171859,908.778898021707,0.158111638778143,4.85836715592981
"441","Basa de la Mora",2788,14.8031592011089,3525.0595065685,0.699873138421355,-0.224092124591768,908.693853098979,0.158165758393457,4.85810787591344
"442","Basa de la Mora",2887,10.9289466658035,3530.72884234707,0.702898337210137,0.513291394377083,909.347467006269,0.158216891512741,4.85800326271646
"443","Basa de la Mora",2985,12.0422373733722,3418.25676204406,0.715256835403687,-0.879814902710576,908.636687215112,0.15812224296609,4.85712482075362
"444","Basa de la Mora",3084,9.59898816831335,3397.97888067518,0.718532865702283,-0.556174248323073,908.273016170663,0.158104876926672,4.85690747084313
"445","Basa de la Mora",3183,14.2106431678177,3395.19328381471,0.73336060962944,-0.171548802036834,908.519158956532,0.15810598638759,4.85825970244753
"446","Basa de la Mora",3281,17.9799083696967,3676.35560656046,0.683983111305653,1.2938941943402,911.061810591165,0.158295589908508,4.86081084491125
"447","Basa de la Mora",3380,15.3829913228576,3461.94360985516,0.706156998039038,-0.452522265663789,909.354531315441,0.158174308093418,4.85864491410384
"448","Basa de la Mora",3475,15.3228228655694,3566.60184040784,0.71196252203874,0.802169702218229,910.823290707983,0.158241067067258,4.85964177865681
"449","Basa de la Mora",3568,17.0012792438272,3612.64854913228,0.707099096810565,0.157901265388507,908.555737924457,0.158148604482797,4.85775732225358
"450","Basa de la Mora",3661,14.9830010051966,3574.21064416311,0.705898651140423,-0.628009138064805,909.047862079852,0.158153605966395,4.85834525287289
"451","Basa de la Mora",3787,12.2257439014889,3560.64337908894,0.721210127675456,0.453400372327349,908.700541377184,0.158134756170765,4.85797320942152
"452","Basa de la Mora",3833,18.3040924309236,3854.5057495247,0.654179330906838,1.52203435277689,909.618548761458,0.158160458213095,4.85815490959524
"453","Basa de la Mora",3927,16.5236208569459,3744.18493731852,0.671075269058988,1.52060813732414,910.862036205594,0.158351627366393,4.86095796255156
"454","Basa de la Mora",4020,17.1735819920063,3581.13481877582,0.688084719437286,0.136363953825223,910.094045477895,0.158279461636708,4.85963781925883
"455","Basa de la Mora",4076,18.0511863284871,3704.42957718356,0.682207693200169,1.20360952250399,911.605062563782,0.15837232366444,4.86058242910657
"456","Basa de la Mora",4169,19.7627938569264,3568.17335481751,0.676329968403888,-0.0472932561032039,911.666347615038,0.158364282651178,4.86399115708928
"457","Basa de la Mora",4336,17.3081795640419,3631.85539838933,0.657688919620465,0.187824181552337,913.975967262672,0.158605073240067,4.86752482165963
"458","Basa de la Mora",4553,14.122312910135,3454.49928043159,0.673046598200356,-0.527452587571511,909.155333259558,0.158321062863855,4.86117028166758
"459","Basa de la Mora",4662,14.3895759970679,3314.09764042948,0.724879373661264,-1.16451252901761,909.4000950333,0.15814506314772,4.85875844839565
"460","Basa de la Mora",4770,12.0972368574333,3341.67702151773,0.722418320849725,-0.957792828810782,910.521261571289,0.15819903393943,4.86037762335638
"461","Basa de la Mora",4987,13.5785355816497,3446.16800997743,0.700944658889525,-0.132741515166886,917.559029612562,0.1586997280056,4.87151210706403
"462","Basa de la Mora",5204,7.30954130628609,3169.63308884454,0.75991635873136,-1.79438923165696,908.820407426443,0.158145424547261,4.85769500072382
"463","Basa de la Mora",5421,15.7231261603252,3530.6404035601,0.69619485030171,0.125330882239455,916.422845029005,0.158679765480917,4.86875092495763
"464","Basa de la Mora",5638,12.6234003073362,3506.85540849948,0.693927655318905,-0.0275258834765969,915.891985723089,0.158634373005064,4.86823301671229
"465","Basa de la Mora",5855,15.4477372694183,3172.27872903669,0.747050770068364,-2.57828883032337,912.517071714886,0.15838692166072,4.86412375409955
"466","Basa de la Mora",6013,16.8857971618801,2918.84062907067,0.798700420531718,-4.2931617161267,915.628097297012,0.158560987545128,4.87040553932063
"467","Basa de la Mora",6131,17.7258705741356,3372.18899556267,0.724439669621234,-1.53157466742379,914.206948139009,0.15840670958604,4.86891214694397
"468","Basa de la Mora",6196,18.9369492395225,3357.55038485877,0.723157296707762,-1.05958629051334,920.579168445129,0.158791774912185,4.88232944702898
"469","Basa de la Mora",6314,12.2069304928804,3212.0919596249,0.73688778355229,-2.58303263685255,911.42869951235,0.15823688936773,4.86199334610284
"470","Basa de la Mora",6468,13.8370569423041,3087.86068010286,0.771571772570777,-3.07717980103615,909.237588241281,0.158150795951619,4.85954699583218
"471","Basa de la Mora",6586,17.4009278781245,3151.35816194047,0.778008823679068,-2.37327643925318,912.718016900539,0.158334197938324,4.86531974796701
"472","Basa de la Mora",6682,16.6821728036597,2993.49529977759,0.78941353246976,-3.0412360946999,911.398961605982,0.158276675387565,4.86482043941449
"473","Basa de la Mora",6743,17.2216506004494,3303.87984308219,0.746738935804044,-1.23312633490727,912.825681317851,0.158351944639687,4.8653945732822
"474","Basa de la Mora",6805,18.2592652081704,3170.72605435264,0.761914110425495,-2.33402566343099,910.392104321916,0.158182815712789,4.86105113390603
"475","Basa de la Mora",6867,17.6482080643819,3156.45607525081,0.767248507914834,-2.80469245426226,910.08335428275,0.158168504273071,4.86014931957261
"476","Basa de la Mora",6929,16.7196329988585,3401.98625756438,0.733168354609994,-1.58143224084265,908.43215423097,0.158111236369035,4.8580460277526
"477","Basa de la Mora",6990,16.8876096316044,3039.6429563033,0.782723257322218,-2.95313215347204,910.956269951259,0.158227117861989,4.86276972777094
"478","Basa de la Mora",7052,11.4353162218259,3195.38405144429,0.764988309313405,-1.82850747602732,912.207528724695,0.158281332663632,4.86503923479864
"479","Basa de la Mora",7114,16.8317168674142,3131.53286904629,0.775673957299984,-3.13513513530981,908.186647233675,0.158087149495635,4.8581973551717
"480","Basa de la Mora",7176,13.6399899183096,3309.5341115965,0.727510947806669,-1.70353376430496,914.387483074887,0.15848790439206,4.86909936160396
"481","Basa de la Mora",7237,11.1571118851665,3155.15493427339,0.785750088189725,-1.99667204911154,909.720513816422,0.158157566001308,4.85829302572272
"482","Basa de la Mora",7299,15.916523829305,2992.78420958401,0.775536384041348,-3.462856207411,920.113453266388,0.158839674620209,4.88421683587104
"483","Basa de la Mora",7361,11.3399436776741,3282.08857464911,0.775842277719172,-0.819446517025631,913.276761488678,0.158334340396433,4.86610603504214
"484","Basa de la Mora",7425,13.3899413998498,3173.85159581873,0.778033746759829,-1.250667481188,915.453026590772,0.158530239461121,4.87017131858278
"485","Basa de la Mora",7512,12.7955482595138,3184.56274467216,0.777543704619236,-1.5399422827682,913.485827502718,0.158387610237084,4.8644233247653
"486","Basa de la Mora",7577,13.3135036505075,3214.27869362819,0.753527487559231,-1.38497445807638,910.389404576314,0.158205971506124,4.86057178419366
"487","Basa de la Mora",7641,15.2307404636497,3265.66051863113,0.735077665717872,-1.1935869521234,913.798803485428,0.158387535477448,4.86756934329944
"488","Basa de la Mora",7706,17.0946844201381,3212.28697899424,0.736852898012635,-2.18459603880223,915.235537718702,0.158554114511702,4.87107989878651
"489","Basa de la Mora",7770,17.1541713478322,3258.97056420696,0.779585076514371,-0.870219801429161,911.146778791436,0.158210432543973,4.86023989996935
"490","Basa de la Mora",7835,19.4791646707407,2981.12593921133,0.778342862229777,-2.58520179953594,912.638578546793,0.158342076759338,4.86815192081016
"491","Basa de la Mora",7899,14.3400679146985,2954.6511153872,0.80094997743914,-2.99786595882829,910.035010788309,0.158132193614725,4.86089768186793
"492","Basa de la Mora",7964,15.5516968882955,2902.79457789389,0.798371456108944,-2.63536008356364,917.621396156471,0.158618439493243,4.87701670908558
"493","Basa de la Mora",7996,14.5986904229571,2775.32403437604,0.86821736466223,-2.58486462407224,911.138813375139,0.158246626873573,4.86246405086621
"494","Basa de la Mora",8028,15.4489453823794,3068.34675474731,0.792063453817568,-2.37158470970359,909.292923810263,0.158120247636302,4.85840870961312
"495","Basa de la Mora",8060,16.643571943365,2867.26978715063,0.842013118422292,-2.89031973065764,909.117261516676,0.158107310519482,4.85808378211833
"496","Basa de la Mora",8093,13.9060923010261,3416.27190443464,0.764038944360962,-0.490007043609431,908.390171278403,0.158199375726076,4.85588757128888
"497","Basa de la Mora",8125,17.0441128085959,2833.60715247536,0.828831917825376,-2.4906233480472,910.095608910104,0.158216645512454,4.86096370734838
"498","Basa de la Mora",8147,11.5847872396951,2712.75776483769,0.839375109609265,-3.81456660395622,911.22347179886,0.158243280930273,4.86342637141702
"499","Basa de la Mora",8169,10.0632110100954,2983.6608671283,0.78962227181717,-2.8843231031251,908.9474953673,0.158084397058877,4.85644345475922
"500","Basa de la Mora",8191,9.96728989123714,2906.41401662083,0.79858251060047,-3.63062193229325,908.233594860072,0.158112220371725,4.8571652859793
"501","Basa de la Mora",8213,10.5189208861565,2969.73832628625,0.780561855731616,-2.80719284855607,908.773002393575,0.15810006264378,4.85735014405047
"502","Basa de la Mora",8235,6.52954206718057,3146.47542710985,0.751141822633084,-1.53431180199768,908.631984614714,0.158102130345387,4.85773036838908
"503","Basa de la Mora",8257,4.51201825635094,3037.46719651096,0.778957592998824,-1.97029598787888,908.180756239345,0.15810093028989,4.85768274895197
"504","Basa de la Mora",8279,4.73005764737912,3076.08777304734,0.752371338606473,-2.01192418980324,908.803223927216,0.158136263894916,4.85957055403037
"505","Basa de la Mora",8301,3.39916259375644,2994.96927511505,0.778049098415639,-2.06398638479393,908.169912450899,0.15813966517703,4.85917998965632
"506","Basa de la Mora",8315,7.25877940882552,3092.72978637228,0.756031079440225,-1.71149869689236,908.705301807746,0.15812081896192,4.8574975636352
"507","Basa de la Mora",8337,5.35031022743067,3103.66378718253,0.766467938564475,-1.56731336724571,908.427579688028,0.158110168260136,4.85812146359022
"508","Basa de la Mora",8359,3.73263342617285,2943.49806079001,0.777198367944998,-2.93546918038177,908.055640723433,0.15811003004087,4.85842133684917
"509","Basa de la Mora",8390,4.38546814167529,3011.89919517019,0.765113818493953,-2.15712235343113,908.788101593481,0.158153482222889,4.85971693605355
"510","Basa de la Mora",8412,12.8777287293738,3251.76057484467,0.725592160130664,-0.948420888283778,909.207432977229,0.158189910653787,4.85887621957312
"511","Basa de la Mora",8456,10.1053948905122,3009.23293529841,0.756494110184311,-2.9298261830912,908.863039189539,0.158176632578167,4.85980885862419
"512","Basa de la Mora",8500,13.672224770966,3396.71873376605,0.708227737263456,0.180784582689741,912.419583433457,0.158333519999644,4.86499338855076
"513","Basa de la Mora",8544,8.47494481511692,3028.19281143057,0.782527686592425,-1.76725280752771,910.822339438357,0.158229767637268,4.86106670752055
"514","Basa de la Mora",8588,11.3587989040412,2986.98533397546,0.795981708084876,-2.15604755454203,910.245585789307,0.158219578919433,4.86156360670928
"515","Basa de la Mora",8632,12.618897699835,3094.89290042047,0.770075115487272,-2.14994147269794,911.50818055421,0.158265619353043,4.86287797896543
"516","Basa de la Mora",8677,11.2914268249829,3184.14342662967,0.740485896086201,-1.53081536253425,911.342579654671,0.158235500862812,4.86329301744902
"517","Basa de la Mora",8721,4.07114145659694,2948.81152294698,0.777540112219797,-2.91918400724366,908.209344717675,0.158120442756244,4.8581818310317
"518","Basa de la Mora",8765,7.75028233230652,2831.91952326301,0.806518679706782,-3.59924874781371,908.243230326318,0.158070148667421,4.85860097539323
"519","Basa de la Mora",8782,8.39410026586605,3118.97900337484,0.756488182587303,-1.54595533615717,910.664766141605,0.158190337564146,4.86217317553267
"520","Basa de la Mora",8788,10.0979125990136,3129.19493638405,0.772452758620438,-2.24756485237237,910.662726543157,0.15818816065491,4.86183567477866
"521","Basa de la Mora",8796,8.39126874476714,2888.81263849085,0.808007494789654,-3.29815332136367,910.984748487327,0.15821343881809,4.86202493066123
"522","Basa de la Mora",8802,8.21836460116044,3015.39819352468,0.776426259657779,-3.08641467324057,908.318213177511,0.158064570048277,4.8571068963858
"523","Basa de la Mora",8808,7.77719557128108,3127.20631767322,0.768137945846968,-2.4174697541837,909.303779211751,0.158133023562231,4.85775092008112
"524","Basa de la Mora",8814,5.90710977137724,3099.24892964879,0.763763456543964,-1.87442697194261,908.063703742652,0.158087999747523,4.85737282411631
"525","Basa de la Mora",8816,4.06334353606331,2975.23947041446,0.782851575024168,-2.42855273945581,907.983384260097,0.158092750792125,4.85742582519752
"526","Basa de la Mora",8842,5.72348077033721,3056.87270178539,0.763325515762724,-2.21705704082046,908.184966621351,0.158096087943003,4.85797508493994
"527","Basa de la Mora",8905,8.66890169781009,3012.32655973649,0.784719348287532,-2.06796540678108,910.086017832847,0.158161844349594,4.86033921400112
"528","Basa de la Mora",8967,7.3159785851639,3113.63483263593,0.771284006615013,-1.4871077056829,908.810481342093,0.158128278318817,4.85793509886346
"529","Basa de la Mora",8999,5.36770719482224,3040.90519348834,0.792368227683275,-2.64582912329117,908.62097460364,0.158102850995138,4.85834504900562
"530","Basa de la Mora",9065,9.68346626836247,3088.31382775112,0.784957655582828,-1.73822508664788,910.697969606081,0.158168562360906,4.85999331194326
"531","Basa de la Mora",9127,7.53613459906571,2915.93100281038,0.780788629845272,-4.63896372490393,907.824011019643,0.158079328961757,4.85586641259825
"532","Basa de la Mora",9159,9.67301313847113,3113.15958404205,0.767494016196225,-2.03442870567376,910.952914750598,0.158178623160018,4.86081425123721
"533","Basa de la Mora",9190,4.82327979662936,3175.64092558315,0.744833239844437,-2.04131519943683,907.826935868404,0.158081551274517,4.85718986635164
"534","Basa de la Mora",9284,12.6587294167007,2921.93761345163,0.786927741958892,-2.83078452326357,909.760003490524,0.158233224132826,4.85934261863907
"535","Basa de la Mora",9315,12.4680615869843,2959.97768032803,0.784948439519284,-3.15444288870425,909.724044962185,0.158215658254514,4.86093997589045
"536","Basa de la Mora",9378,18.2671186434428,3033.55513473319,0.766518173697659,-2.78271956378472,913.18744762677,0.158368361142529,4.8691309800667
"537","Basa de la Mora",9409,13.9198656118056,3193.06342353553,0.752946133283804,-2.72758248604278,908.587757174218,0.158122927382525,4.85760056719479
"538","Basa de la Mora",9472,14.5810817700151,2888.64733387722,0.790218937965971,-3.40233177852306,910.850305780381,0.158222399121024,4.86412557039486
"539","Basa de la Mora",9535,14.5662664743242,3481.78735475503,0.708044803499755,-0.783609674185332,910.963437155482,0.158246370965848,4.86193417174471
"540","Basa de la Mora",9597,12.2425248945571,3294.15249382712,0.733739794263033,-1.70710244515358,908.566122328928,0.158216879780335,4.85806832259046
"541","Basa de la Mora",9629,9.14286340196781,2758.68096449949,0.837213925796709,-4.62591063425303,907.660174030757,0.158071948155053,4.85523833275758
"542","Basa de la Mora",9660,8.42893374621542,3194.90794955982,0.727920810463554,-2.07682238779932,908.625636722477,0.158137544907305,4.85789185756236
"543","Basa de la Mora",9691,7.42153423439615,3307.36618571606,0.722851402609896,-0.570635333376338,909.665115735119,0.15819197849968,4.86044247188923
"544","Basa de la Mora",9723,9.19305611981265,3080.70134355103,0.762573048484327,-2.27662014910024,908.388707626553,0.158104383801285,4.85737803321579
"545","Basa de la Mora",9754,11.901571218893,3245.10841315889,0.709767412982115,-1.69467250431016,909.990246757348,0.15817235536878,4.86189614384378
"546","Basa de la Mora",9785,10.6835792336122,3122.63774064434,0.770879072321359,-1.96363604707355,909.532239647925,0.158243978758972,4.86073741680135
"547","Basa de la Mora",9798,16.0874046642595,3088.00872022884,0.73422850850195,-3.06486377057457,909.840276747345,0.158222968972134,4.86121916529504
"548","Basa de la Mora",9992,12.0702021154113,3044.21756920175,0.743826951842218,-3.23838648411853,909.875407189286,0.15830626005509,4.86050580758953
"549","Basa de la Mora",10089,9.08331629300062,3152.47180981998,0.748115370148923,-1.70820376224212,908.373859841783,0.158123354399997,4.85862935306125
"550","Estanya Catena",6,22.1833433156671,4187.32838343858,0.632434650433793,2.69289978860804,909.908171181837,0.158416738664453,4.85976956851351
"551","Estanya Catena",125,17.6720782302126,4516.39584737481,0.575690434342201,4.20463720603108,910.226678390846,0.158542298574519,4.86156764305843
"552","Estanya Catena",258,24.3241205733283,4531.64980661293,0.581403401200448,3.76368366517916,910.194153820232,0.158490883473567,4.85964887422019
"553","Estanya Catena",377,21.2668726874727,4211.53163028451,0.605385025562891,2.20409348558659,910.384309235316,0.15867644453098,4.86264644784515
"554","Estanya Catena",472,20.1474924358727,4311.97324965461,0.564593335235677,2.79805970770867,912.999903869387,0.15931057733654,4.86825369641653
"555","Estanya Catena",538,22.3355890948834,3864.68700268995,0.643557339389294,1.22882771147382,912.140086431905,0.159025565868199,4.86787877768905
"556","Estanya Catena",579,20.1953935037902,3718.81941355197,0.662915689939643,0.996906496483658,910.977963158043,0.158761054653633,4.86428754701411
"557","Estanya Catena",600,19.5333325620195,4054.53494407299,0.587817439060385,1.52256368727448,910.52687504821,0.158645213385623,4.86305810288166
"558","Estanya Catena",605,24.093422880348,4564.31709948444,0.54332593470398,2.9689450647286,911.652790038066,0.159053376130575,4.86440481410942
"559","Estanya Catena",607,19.4443299099133,4092.4559588475,0.563346387440066,2.3296453562152,912.58972054872,0.159056009959365,4.87141037269989
"560","Estanya Catena",610,9.11694539830131,4214.36617531265,0.547029964064338,0.449562171028862,908.098604601045,0.158208577365292,4.85701813002289
"561","Estanya Catena",614,16.2586623775901,4022.10378512768,0.573068561826008,2.30226847576232,915.130768654656,0.15936409433184,4.8768710197834
"562","Estanya Catena",629,17.4206389205915,4114.15777687007,0.565768229435098,0.942155316249841,909.591979290785,0.15852052151223,4.86418160790342
"563","Estanya Catena",660,21.5857616729048,3980.26610753327,0.594806009458568,1.12696601095011,910.298166995125,0.158560160111906,4.8652062359923
"564","Estanya Catena",711,19.6726098907206,4087.96184854973,0.601926146292861,2.12580537732346,911.607551406192,0.158647209631977,4.86619740091101
"565","Estanya Catena",792,14.251792096718,3659.53402614752,0.690534714620219,0.292812237668548,907.925391634394,0.158157071461419,4.8559711821907
"566","Estanya Catena",1101,11.8709220691099,3686.10556883047,0.648198985079908,0.754981371120475,909.203328707601,0.158273701126617,4.86170872626668
"567","Estanya Catena",1431,10.6617063990658,4065.08899234473,0.6491247319027,1.89462906099636,907.982519989147,0.158133965893903,4.85590153323289
"568","Estanya Catena",1902,15.6014547131402,4109.63705826938,0.609025706287511,2.44503766158388,909.039675994579,0.158279192465972,4.85853982210634
"569","Estanya Catena",2469,18.5116190111227,4357.24252269103,0.554601679461541,3.69942170832576,909.842239432086,0.158414587672787,4.86181197963778
"570","Estanya Catena",3085,12.467447841758,4183.9754599784,0.634022386086498,3.01007347304484,908.593716254803,0.158185707603274,4.85702421084539
"571","Estanya Catena",3703,6.78314884063959,4191.75069658824,0.667128313285527,1.74297881554542,908.415435715881,0.158269028241248,4.8572514704752
"572","Estanya Catena",4264,13.0904898088952,4245.43668192921,0.622159855797121,3.16811578090545,908.701853296104,0.158258129249371,4.85891802207588
"573","Estanya Catena",4686,16.8235768649742,4173.50857810957,0.60518474239735,3.36262855821053,910.384822337693,0.158390462745522,4.86526478592019
"574","Estanya Catena",4888,13.5887439926077,3814.29265225726,0.634759381555504,1.57120389709832,909.982807538892,0.158304076825817,4.86198397429319
"575","Estanya Catena",4931,12.6697375338932,4119.27513592145,0.615484088798749,1.90345852398416,908.157487126546,0.158136575683132,4.85622219236416
"576","Estanya Catena",4995,12.9172271018692,4064.7394429614,0.65475735027488,2.37629096872353,908.18765675347,0.15815277705697,4.8563874104215
"577","Estanya Catena",5378,16.1413836750479,4246.35336574927,0.584644255438496,3.68642392605972,910.567671335796,0.1584683234461,4.86207704197274
"578","Estanya Catena",5704,15.5439618315829,4177.36079592905,0.617166023259456,3.09759298342789,909.560058074126,0.158267719880625,4.85990370560007
"579","Estanya Catena",5978,11.9563548686042,4140.19749527755,0.638143119887894,2.45394108480115,907.894983791365,0.158138731941164,4.85518647907168
"580","Estanya Catena",6112,15.0842518897685,3855.43107460151,0.615124373492134,0.955616498829467,908.240289639015,0.158200431864726,4.85763110514844
"581","Estanya Catena",6148,4.60471596027343,3583.69586902053,0.707154447843391,-0.662642790602611,907.882237210735,0.158127954296975,4.85913114285704
"582","Estanya Catena",6293,9.53993615214939,3682.31049619396,0.711379952373268,0.948684294842493,907.897838616906,0.158109139054022,4.85580906662334
"583","Estanya Catena",6649,9.89442421736089,4019.19155616392,0.658675867605112,1.77626910692546,908.164302838361,0.158138741728043,4.85645188501363
"584","Estanya Catena",7150,21.8018378954721,4225.01508377733,0.515532089051067,1.38217546658652,908.913907116635,0.158336410451004,4.86174613957678
"585","Estanya Catena",7719,10.3149444961025,3800.58804339414,0.700355876588374,1.15750869007482,907.611840594904,0.15809307376684,4.85568026011783
"586","Estanya Catena",8276,13.1543398348492,3720.30846370153,0.734671242503475,2.09269760108217,908.809821611662,0.158210853219305,4.8586233813495
"587","Estanya Catena",8743,12.0824005426298,3651.37011393591,0.782308624106027,2.26368760401953,909.399066557643,0.158344587023919,4.86317678694635
"588","Estanya Catena",9083,12.5941633887189,3551.63438718717,0.758089080799696,1.33864321410331,908.906549853645,0.158248024613677,4.86070622561223
"589","Estanya Catena",9321,9.23572548609389,3963.62637510837,0.721160651386723,2.86908737972025,908.160636476248,0.158195146210641,4.8564556053664
"590","Estanya Catena",9489,15.3207649804312,3481.0749408079,0.688264989577101,0.16092344011456,910.022221815979,0.158390468514982,4.86537023595476
"591","Estanya Catena",9594,16.493980646389,3959.76590748217,0.665671661994562,2.40499839877608,908.312713724451,0.15814656281819,4.85813978453468
"592","Estanya Catena",10042,13.4302801073461,3704.16712951436,0.70754053685591,1.87428653323353,909.508204467487,0.158287470922637,4.86348271575998
"593","Estanya Catena",10201,11.8179261211443,3793.54429853504,0.653201233790564,1.51514530981424,908.285240818812,0.158159660157413,4.85927998212748
"594","Estanya Catena",10383,10.889546887719,3824.36030746487,0.635598993482364,2.55277546097157,912.473347441176,0.158759347912652,4.87255641110832
"595","Estanya Catena",10586,10.2255906394361,3919.4020346324,0.592451090179586,2.29007382742119,914.104152992407,0.158900816952146,4.8795286476473
"596","Estanya Catena",10796,9.64039269586211,4271.71571492629,0.484958499391303,2.58820468163619,916.71051562803,0.159147715647434,4.8846180984248
"597","Estanya Catena",11031,6.87843711358802,3995.87249061971,0.543324451812789,2.12743680789816,916.073522042062,0.159126159149737,4.88576691036885
"598","Estanya Catena",11278,13.1002448053677,4235.64126565863,0.467583426342444,1.68238890114492,911.682058973334,0.158897548272959,4.87278860002416
"599","Estanya Catena",11535,5.21806837195787,4077.82515095216,0.562593812886977,3.20838318040997,921.378499300987,0.159894252426349,4.90359279524149
"600","Estanya Catena",11797,10.5113633494327,4051.84468863569,0.565210641288357,2.81994707791514,916.657866233361,0.159301034387661,4.88654264275254
"601","Estanya Catena",12058,16.2022662906176,4204.71566400139,0.612556040522125,2.99483033808811,908.842143619596,0.158253024234892,4.86044244499924
"602","Estanya Catena",12315,19.1715497228474,4139.34859760734,0.599688361509648,2.54063901252918,910.060382652943,0.158482814390647,4.86236144757426
"603","Estanya Catena",12560,26.5150137711371,4229.35773051615,0.663331997259751,2.99658315882118,909.7152192279,0.158468585994749,4.86511129042523
"604","Estanya Catena",12823,25.6473104476614,4392.80761539405,0.572319618813636,3.3633851857437,913.123787277255,0.158529456871503,4.86663643997049
"605","Estanya Catena",13029,22.4294628684863,4044.53110678411,0.638334694718852,3.07215398592014,912.971200124175,0.158476907054784,4.86502890763802
"606","Estanya Catena",13209,20.2171220781636,4955.14135257743,0.466029848728336,4.54141894906416,912.57634460373,0.158710227521151,4.87811437505413
"607","Estanya Catena",13358,9.34593348670982,3883.8680078845,0.621744995606893,1.65740280612929,910.796004152097,0.158552005839541,4.86662867203199
"608","Estanya Catena",13475,3.24081981631044,3402.94351603613,0.667616829709336,-1.79236932725111,908.569791089619,0.158246569625154,4.86295001233587
"609","Estanya Catena",13554,8.48727164121595,3502.62355068194,0.709961095718933,1.10150678042517,909.740677541601,0.158325863410991,4.86179315457566
"610","Estanya Catena",13601,8.64282437210496,3433.41801089807,0.71632977707974,0.737221833256398,909.361181360582,0.158266640926535,4.86071732867743
"611","Estanya Catena",13688,9.33571159992064,3573.39626720997,0.708982750285156,0.663672444466268,909.280537145177,0.158265558596982,4.86048131008599
"612","Estanya Catena",13916,10.7260193607192,3562.41766615248,0.680272389326136,0.455308735451457,910.950015008951,0.158552320752622,4.86546530584572
"613","Estanya Catena",14267,8.42706786755321,3433.65706100105,0.7312940766404,0.180039390321452,909.342371453212,0.158272985720494,4.8602557753281
"614","Estanya Catena",14583,11.6201387616733,3503.43458585978,0.739141061627745,0.714359429949136,908.078067169356,0.158148721640622,4.85663482171162
"615","Estanya Catena",14971,8.28079680908407,3441.64450470177,0.743594100185701,0.294195132921934,907.870829870589,0.15812904178916,4.85590571498822
"616","Estanya Catena",15343,8.97106086301266,4356.70102167721,0.505990739448838,-0.624102650299392,909.611296389841,0.158518670950071,4.8760565648816
"617","Estanya Catena",15698,8.7496616226568,3293.58364924542,0.736063601655209,-1.53811338297902,909.274876437572,0.158340397106973,4.85970410656871
"618","Estanya Catena",16036,7.90153997666028,4559.13950492397,0.330507429723966,-1.30736689169535,911.739862021931,0.159787469719438,4.89030466760064
"619","Estanya Catena",16356,9.32976456207223,3645.55992409198,0.649288455599241,-0.753975673637694,909.100457416597,0.158253862532386,4.86058236046216
"620","Estanya Catena",16657,9.54022267917147,3698.3655532163,0.651141129603993,0.531661143478674,910.050687639112,0.158405081959698,4.86295033483442
"621","Estanya Catena",16940,10.2417804248184,3603.02727413373,0.661096355210494,-0.0744990308464606,909.972578843885,0.158405630989138,4.86186458993089
"622","Estanya Catena",17204,8.6896646091564,3336.94194848166,0.703532302207917,-1.33687087929332,909.495640963835,0.158343815670089,4.8613229108692
"623","Estanya Catena",17379,5.9264313511429,3851.18132081558,0.602032264446209,0.230283589179313,910.521970913614,0.15889181539135,4.86887230108186
"624","Estanya Catena",17616,7.1810845497875,3406.80926986571,0.686250054169002,-1.48118014791148,909.406015148068,0.158290967147674,4.86157302119959
"625","Estanya Catena",17839,2.82842712474619,3056.39894105806,0.897265145753945,2.10059330008541,995.903839712104,0.176508112242805,4.99437789803662
"626","Estanya Catena",18050,8.16168388145252,4168.41657170646,0.431215551550414,-3.04000021969123,909.108363480262,0.158338839156086,4.86835981999243
"627","Estanya Catena",18250,5,4956.03129027054,0.441867025381484,4.59288489267204,912.861043508834,0.158530713824171,4.87175803830634
"628","Estanya Catena",18440,9.03631206664305,4193.87176416446,0.472161356956215,-0.319077855361701,910.281880380876,0.15846666616694,4.8705064670925
"629","Estanya Catena",18623,7.83955819307809,4179.28634326783,0.459824505083015,-1.27953823417721,908.959696532396,0.158325262798092,4.87144295274327
"630","Estanya Catena",18801,9.06830545408885,3631.37915895848,0.657126848653377,0.857610981856697,923.547498194862,0.16468590080594,4.91946513253001
"631","Estanya Catena",18973,7.25149424751387,3691.46182390773,0.661720863809076,1.57011309833017,913.355650666505,0.15927522840024,4.867989549627
"632","Estanya Catena",19059,9.18856139870326,3828.72083904686,0.593783382499788,-0.165210506164806,909.388020181311,0.158301062125674,4.8616495409465
"633","Estanya Catena",19228,10.7473592171755,3867.36978616679,0.589132347061532,0.0296859851391784,909.643277620668,0.158356333405335,4.8640530528202
"634","Estanya Catena",19397,1,NA,NA,NA,NA,NA,NA
"635","Estanya Catena",19565,2,4463.73238451854,0.51257636905916,5.260838295478,929.163770311612,0.161560659218237,4.91425878542763
"636","Estanya Catena",19734,8.08443163319751,4622.31213072237,0.355836741609357,-0.45915461981303,909.033242287932,0.158314683668212,4.86945352750333
"637","Estanya Catena",19903,1,NA,NA,NA,NA,NA,NA
"638","Estanya Catena",20071,2,3605.01478696562,0.64577421920908,1.5666237793038,918.255657236365,0.159473867380921,4.89509945503861
"639","Estanya Catena",20240,1.88988157484231,3334.47167417576,0.69716739263191,-0.157140793474257,912.390156897161,0.158716587491766,4.87485246408282
"640","Estanya Catena",20409,2.58640928985893,3415.23759948196,0.666456853529168,-0.675591001745287,923.151421886752,0.160789873935699,4.88386379084643
"641","Estanya Catena",20578,3,5164.99069699752,0.563675503305431,7.08798629707841,927.125143663247,0.160430829721282,4.92220937002406
"642","Banolas",5000,5.56074428750606,4326.25107915021,0.688637619843579,1.86009820023204,909.364239625129,0.158349617824599,4.86055687431428
"643","Banolas",5175,5.32846352453515,4196.61069357604,0.715830117683028,-0.597429557188785,909.284983084007,0.158306043989025,4.86697780629932
"644","Banolas",5349,4.87463550209159,4199.07671501167,0.717168229395323,-0.143208437011425,909.359379073594,0.158345718613789,4.86465118315511
"645","Banolas",5524,4.65083836765596,3998.91021001,0.735216481349327,-0.576102499538632,908.968879251242,0.158268020816323,4.86551696456717
"646","Banolas",5698,5.50939390029942,3450.24477931196,0.749688157073094,-6.96068416821333,910.107248715772,0.158349616639715,4.92891417450118
"647","Banolas",5864,4.83990378444309,3622.592874139,0.739452999195434,-7.00841395815807,910.909698932058,0.158440602769629,4.94870580135809
"648","Banolas",6020,4.99404954695883,3582.42691799556,0.742916512121151,-4.79864611552772,908.823199865524,0.158191183107266,4.88920793554985
"649","Banolas",6176,6.31063117362495,3956.86725729079,0.72740989946684,-1.1461887103774,908.612063871568,0.158190647971321,4.86340840686819
"650","Banolas",6331,4.85968036738545,3444.04748804614,0.756775651362373,-7.62198717899419,910.782546230773,0.158424445608285,4.94589341376244
"651","Banolas",6459,6.43265988988623,3796.92755139455,0.750926448135986,-2.99088235349407,908.99699410765,0.158186035807519,4.88519241612085
"652","Banolas",6553,5.59425048616689,3844.54787945135,0.771166571413953,-3.75021812679562,909.91903824452,0.15828623125436,4.91087906658684
"653","Banolas",6647,4.83261971841922,3472.97801311547,0.77450810713688,-6.81959615554282,910.819725729744,0.158394942417766,4.94306934766063
"654","Banolas",6740,4.78250324727053,3741.60621628854,0.754967516409002,-5.42970781338953,910.152485124374,0.158353686686592,4.92862484414337
"655","Banolas",6834,5.50581476355803,3829.15585946264,0.766384980772352,-3.49620671312896,909.647155646184,0.158272090361836,4.90528173875903
"656","Banolas",6928,4.73245241596154,4042.79552788138,0.753315089234396,-0.869919808087236,909.236868852158,0.158276573260607,4.87595250708288
"657","Banolas",7209,4.823146048049,3907.42491626033,0.751638601854068,-0.662253577953582,908.671331740302,0.158217486997076,4.86363698605029
"658","Banolas",7630,4.42273837813912,4096.53115574495,0.735732519022636,1.24143437330168,909.244983069853,0.158374206034383,4.85933698279841
"659","Banolas",8099,4.55958021285092,4024.8729054827,0.778938108715712,2.60492003693755,909.289326014234,0.158375774825207,4.8586209828494
"660","Banolas",8567,5.6685708691337,3561.51004276824,0.829419147630693,1.27972819748544,909.042726945427,0.158293948255237,4.85950237970185
"661","Banolas",9036,6.35790383048997,3764.53252254354,0.796486169330551,2.03326986871171,908.931157112134,0.158302219385372,4.85900498125898
"662","Banolas",9504,7.12677777564892,3408.23779040437,0.749281346356599,-0.956350647452796,907.952495231527,0.158162694844567,4.85661903844699
"663","Banolas",9973,7.02227878747793,3291.78179506277,0.733627654628742,-1.64608990547004,908.290764000072,0.158248037928783,4.85848605884663
"664","Banolas",10066,6.95654941667108,3552.70725857269,0.635486083809173,-1.91185172873331,908.262232318848,0.158238555734395,4.86280976578129
"665","Banolas",10160,8.20499210648723,3572.9372163878,0.63557379369295,-1.96492517268061,908.462624030954,0.15829453064274,4.86308244008283
"666","Banolas",10254,7.80317108308066,3282.43327888101,0.730832901942099,-1.9317066106219,908.085195583611,0.158161141480725,4.85796605780154
"667","Banolas",10347,9.24565143487993,3488.85095816759,0.660327318595732,-2.26697775197032,908.091007802321,0.15814908158225,4.86002619166481
"668","Banolas",10441,9.78985594769239,3462.96293038059,0.666815099130921,-1.89863177569973,908.427544636029,0.158260035905079,4.86198259192643
"669","Banolas",10535,6.76263941565795,3298.47836390731,0.69070708675977,-2.44044590446568,908.398726181819,0.158220872646194,4.86139513283233
"670","Banolas",10628,7.77657485594891,3524.73244719775,0.62298394412394,-2.0135776376072,909.298731021254,0.158401801214511,4.86663014727279
"671","Banolas",10910,8.7739296080337,3486.69120891467,0.702113798137579,-0.870216025681696,907.895111251086,0.158177989123625,4.85765229065733
"672","Banolas",11097,6.14394107634452,3543.72342256764,0.603519882090956,-2.1925412589188,907.988783416309,0.158288475290118,4.86216105752926
"673","Banolas",11191,4.70964711801169,3605.60448961751,0.575687886077584,-2.52295984481813,908.003497239284,0.158178535781536,4.86391836528555
"674","Banolas",11284,5.57625963283805,3596.30567148756,0.57269093528554,-2.96989583448959,907.91641448439,0.158247407792264,4.86433448006389
"675","Banolas",11378,4.85595916076867,3627.28547527212,0.587388287156527,-2.20945933497632,907.621678662979,0.158221429663169,4.86193252944509
"676","Banolas",11472,6.21770003048027,3699.35752600686,0.548287539027933,-2.61166192477172,908.531413491181,0.158259982429014,4.86881107463651
"677","Banolas",11565,5.55631453699351,3835.96417451275,0.492121183536862,-3.1127627965726,908.787980324301,0.158423285821293,4.87198924861509
"678","Banolas",11800,6.17812440264303,3223.13548268409,0.745613855371888,-1.34050279123421,907.841185408407,0.158257313141525,4.85816594326203
"679","Banolas",11893,6.58734754228496,3534.81205936688,0.620734957656181,-2.10122035041501,907.813374505657,0.158144989241631,4.86108340555196
"680","Banolas",11987,4.1787005836024,3255.23691619986,0.6685095070158,-3.57565677226563,907.725348050808,0.158138653351384,4.86097292112321
"681","Banolas",12081,4.39316050504904,3145.10658935816,0.719003099184953,-2.73786327991359,907.843253291268,0.158155637756774,4.85913658621458
"682","Banolas",12174,4.75137390977999,3252.47222070215,0.676647732048729,-3.45566991387224,907.668732675022,0.158132358203767,4.85998980582461
"683","Banolas",12268,5.31519573744973,3472.10865232653,0.606890730124341,-3.15861458129619,907.86005288884,0.158163931846278,4.86288157543064
"684","Banolas",12362,5.65767481077736,3222.69564020962,0.686263320308081,-3.31867177534884,907.759189426068,0.15813814270103,4.85921746637578
"685","Banolas",12455,5.56364794927563,3363.16288521892,0.647118608720546,-3.21326852995202,907.81280220039,0.158162683951109,4.86093545980483
"686","Banolas",12549,4.87449227711667,3375.18013290995,0.645169371268991,-2.90281221812296,907.798414380415,0.158155372509021,4.86173453912128
"687","Banolas",12924,5.26694045060053,3386.74681325318,0.636164650715098,-3.6726863290925,907.850986360297,0.158147305372455,4.86267787191
"688","Banolas",13018,3.77681830592504,3300.1337756792,0.667270850685661,-3.27973032183667,907.61901005712,0.158187358353916,4.86097022938822
"689","Banolas",13111,6.33403629147505,3484.38075822646,0.62698489807881,-2.83320378194868,907.825904206259,0.15820497027527,4.862478114117
"690","Banolas",13205,5.40134033861964,3183.25899670818,0.709057256238835,-3.82244786045471,907.872859417114,0.1581439806508,4.85942373914159
"691","Banolas",13299,6.47835542942611,3226.20777425001,0.699928130417638,-3.22983665620233,907.634653452792,0.15814386200098,4.85903223967364
"692","Banolas",13392,5.05854676954103,3137.45646137599,0.725888629834812,-3.09758871814045,908.08175432333,0.158151056947871,4.86032207435113
"693","Banolas",13486,7.17141447469439,3146.04591756414,0.721375234805212,-3.56775463115135,908.117033192275,0.158154270159695,4.85911552519227
"694","Banolas",13580,6.27790556784963,3512.31349301502,0.600464982706778,-3.71888917716528,909.418460757738,0.158300214752468,4.87313220449378
"695","Banolas",14048,8.5733185302634,3766.82088544152,0.62513873796941,-1.50460796070302,908.241229616153,0.158177589101317,4.86383213321401
"696","Banolas",14142,5.05234735973956,4301.40236288115,0.447683477654277,-0.790990401159624,911.503509885758,0.158514944866459,4.88561408658005
"697","Banolas",14236,4.8670562514953,4418.87837281823,0.383012801246949,-1.38000998938651,910.917220351863,0.158486170503913,4.88613807442461
"698","Banolas",14329,4.59534435842209,4386.66112993643,0.394689478512328,-1.24135169327832,911.537441490355,0.158546762113809,4.89039177627745
"699","Banolas",14423,3.70687866523543,4757.63168057222,0.337707098295892,-0.219852810887074,912.665089080998,0.158655802496762,4.89747851146604
"700","Banolas",14849,5.14846996667218,4716.57786183721,0.373650081976243,-0.0165892236586791,909.568294770639,0.158409963436514,4.87510161492653
"701","Banolas",14920,4.60523983798732,4859.86992109262,0.354269120724489,0.81818903935351,910.549392335909,0.158474687119958,4.87571138039731
"702","Banolas",14991,4.20052504052239,4841.6596783352,0.311977957988192,-0.443636942370248,911.30013819958,0.158549858789483,4.88940426078437
"703","Banolas",15062,3.84463411988094,4243.11734711782,0.424386212667926,-1.41412772600287,910.924138158468,0.158559671626205,4.88837616798662
"704","Banolas",15133,4.28795413399109,3928.88698230795,0.535552725188313,-0.91805068861747,910.458780855681,0.158456427672709,4.87553281943486
"705","Banolas",15559,4.08856537410231,4237.45108867634,0.421506365406543,-1.03139216333007,911.437354779064,0.158559611612437,4.88560004491752
"706","Banolas",15843,4.88457310292136,3905.30224080703,0.524189691366025,-1.33202858996189,910.600607442577,0.158467414789579,4.88157396678547
"707","Banolas",16056,5.24856201961364,3927.30303797104,0.515406335267387,-1.70922585656432,908.743644730184,0.158267235972528,4.87162660802326
"708","Banolas",16340,3.83576643054758,3895.1556529817,0.467750606514316,-3.09186940177283,908.979463375361,0.158394683966058,4.87899601856174
"709","Banolas",16766,4.79300475481268,3796.69969764403,0.547213741953204,-1.73892104185791,908.700596600662,0.15832033124825,4.8704620962069
"710","Banolas",17121,4.35369828317013,3879.26897297612,0.490533216918407,-2.70229197222517,908.64062364672,0.15835722475774,4.87522194533517
"711","Banolas",17547,6.06298757167251,4069.02401056738,0.483159358472309,-1.30106157678523,909.522714193857,0.15834418481341,4.87695803039427
"712","Banolas",17902,3.00883918484671,4659.49765113495,0.222504966486026,-3.07988736190104,912.909503629538,0.159111135851955,4.92342254973685
"713","Banolas",18150,4.41493789466965,4566.32158789985,0.326097580756888,-1.14318215575711,911.833704237055,0.158693864463397,4.90091550828982
"714","Banolas",18505,4.6989306247636,4489.84139403934,0.312067672322873,-2.48231856304434,911.153236069825,0.158714907257776,4.90391344324066
"715","Banolas",18896,4.44142085574857,4455.91084895038,0.334915344605739,-1.83449582088006,911.436890258383,0.158662365903858,4.89946515716871
"716","Banolas",19251,3.68651203272781,4622.0874102268,0.259561785528753,-2.59356302588285,912.069332183192,0.158892642977441,4.91303304531801
"717","Banolas",19606,3.72664050733891,4505.16652706279,0.283481325768989,-3.01101092785251,911.330075992857,0.158760845420919,4.90691137705392
"718","Banolas",19961,4.43260586492334,4269.30314599968,0.379671881162903,-2.38852670292282,910.290282738027,0.15859007228835,4.89280595245951
"719","Banolas",20315,4.48419846303611,4080.67658850591,0.452075631022706,-1.76260324975034,910.642412003705,0.158566620637094,4.88809749887018
"720","Banolas",20670,5.49145916614606,3751.55737062466,0.629570684089212,0.333749976143926,912.397543926597,0.1586028043172,4.88420910236304
"721","Banolas",21025,3.64905950513499,4779.02929544233,0.230043642449295,-2.46211440035115,910.853815532225,0.15867659599976,4.89825961524073
"722","Banolas",21309,3.11973725086755,4568.04714684577,0.288564591313505,-2.51332104067027,911.703004118969,0.158861799740075,4.91137140935943
"723","Banolas",21664,3.2550906485122,4762.01894780521,0.239539945360899,-2.36742028180852,911.762714814207,0.158827934564839,4.91119874218551
"724","Banolas",21735,3.28249157559758,4622.13238651091,0.265566534871486,-2.59606999147635,912.193443859362,0.158883361635413,4.91403855116699
"725","Banolas",22055,4.71130495926964,4231.66733013481,0.398689935322139,-2.32564635725347,909.962106968372,0.158559266357472,4.88887660252059
"726","Banolas",22410,3.84730751722971,3579.70757088704,0.571154109978765,-3.0368916272998,908.002883199283,0.158226470276277,4.86657909244496
"727","Banolas",22942,4.52352462197793,3814.50367906916,0.525825531663041,-2.28120211421341,908.488731584168,0.158293499288727,4.87052965798604
"728","Banolas",23155,3.73624023417535,3671.99139682891,0.557434570880749,-2.74000670082785,908.127628918183,0.158232403959801,4.86833199782203
"729","Banolas",23510,4.07493686910221,3772.68478927269,0.520926507505899,-2.80971898424741,908.225588432358,0.158263942838934,4.86964033923122
"730","Banolas",23865,4.89835816891718,3544.94690777166,0.598556779703713,-2.87511281351919,907.742474110671,0.158185574834174,4.8639163386137
"731","Banolas",24185,3.78276433705907,4113.66629105687,0.39941292073838,-3.05085787767517,909.830611583643,0.158572330484729,4.88974191407479
"732","Banolas",24540,4.41977930678104,4070.6589487411,0.438833158271942,-2.46982977431991,909.241912040181,0.158428379677268,4.88118471431558
"733","Banolas",24895,2.66588464879658,3198.97385620486,0.701760266931544,-2.82430347126938,907.83605774189,0.158154910591414,4.86068048385664
"734","Banolas",25250,5.17407595089971,3835.58888008131,0.526487275887371,-2.31566673778353,908.257290515309,0.158247521913242,4.86937632008484
"735","Banolas",25640,5.05039120775542,4083.42737190488,0.433214047602708,-2.59514272134844,909.303225630846,0.15843170532898,4.88184885928646
"736","Banolas",25995,3.06207525830317,4523.36315569964,0.265387052166179,-3.33575006721696,912.250206096079,0.158975175769387,4.9182166126142
"737","Banolas",26350,4.69289590207544,4428.19043577384,0.347485845236872,-2.10808626175599,910.475707807187,0.15857091524692,4.89411116113466
"738","Banolas",26705,3.30260510447791,4532.62549804064,0.264107085650745,-3.31520251769451,911.973506973075,0.158963901152343,4.91737207663379
"739","Banolas",27060,3.68047724363146,4385.61700997871,0.335615927314946,-2.50895005811889,910.956802210717,0.158733700853377,4.90120578606802
"740","Banolas",27415,4.30247332348188,4087.32712930109,0.445098652376349,-2.06810873520667,909.540290822585,0.158496828658831,4.88346531792745
"741","Banolas",27734,7.11321194440239,3751.10547377912,0.583763194293901,-1.87611376184233,907.888434750471,0.158177423444441,4.86463384181555
"742","Banolas",28089,6.65432162628887,3635.75271752154,0.575397153047527,-2.77901658639928,908.28711768725,0.158198201021975,4.86676082339167
"743","Banolas",28480,6.74175238523744,3407.50161579523,0.662205170943222,-2.22754896714059,908.388979935367,0.158175282985629,4.86357762193167
"744","Banolas",28835,7.09965739286196,3588.07193650166,0.657482607764136,-1.13863686962531,908.51013399547,0.158180800584572,4.86338427222008
"745","Banolas",29190,5.68540690562047,3865.50229805503,0.512377012279186,-2.33904970880517,911.432167621865,0.158616301539317,4.89222107466079
"746","Banolas",29545,3.91304183245369,4711.35600204401,0.245563042488763,-2.41689655225323,911.556526947343,0.15880612902937,4.90907366494926
"747","Banolas",29900,3.66214369984353,4417.98222099815,0.310521171274658,-2.99507518333164,911.397369716732,0.158829355605616,4.90777230998608
"748","Banolas",30255,3.63050654619672,4509.14498714784,0.301196403219101,-2.63068100104284,911.354066413171,0.15881658557896,4.90739887271655
"749","Banolas",30574,2.81002604532212,4687.96698383119,0.20627780779141,-3.71317933955038,912.717896998238,0.159093354349167,4.92663082806636
"750","Banolas",30929,3.51850795254332,4676.06125680417,0.25065827138735,-2.62242551302846,911.796763466088,0.15880222100833,4.90937005009268
"751","Banolas",31000,2.72232110674039,4701.95522071991,0.204744683251786,-3.73800405008843,912.552416224003,0.159069314410995,4.92545093534628
